CaseID,ReutersReconID,CanonicalEventDate,TargetOrEvent,FinalDecision,PhysicalAttackStatus,IndependentConfirmationStatus,InclusionStatus,ExclusionReason,DedupeDecision,CanonicalCandidateRecordID,OutcomeRelevantUnresolved,RegisterEffect,EvidenceBasis
FD9-001,R25R-0003,2025-01-29,Andreapol oil pumping station,CONFIRM,CONFIRMED,CONFIRMED_INDEPENDENT,INCLUDE_RUSSIA_PROPER,,UNIQUE,,FALSE,ADD_CONFIRMED,"Reuters reported SBU attribution of fire/leak and damage; a Transneft source independently acknowledged limited damage in Tver region while disputing supply disruption. Physical target effect is sufficient under the strict rule; outage magnitude is not required for event inclusion."
FD9-002,R25R-0006,2025-02-03,Volgograd oil refinery,CONFIRM,CONFIRMED,CONFIRMED_INDEPENDENT,INCLUDE_RUSSIA_PROPER,,UNIQUE,,FALSE,ADD_CONFIRMED,"Reuters reported the Volgograd governor saying falling drone debris sparked fires at an oil refinery; independent Russian regional confirmation establishes qualifying physical effect."
FD9-003,R25R-0022,2025-05-05,Rylsk electricity substation,CONFIRM,CONFIRMED,CONFIRMED_INDEPENDENT,INCLUDE_RUSSIA_PROPER,,UNIQUE,,FALSE,ADD_CONFIRMED,"Reuters reported the Kursk governor that the Rylsk substation was struck, two transformers were damaged and power had not yet been restored. Target and physical/operational effect are resolved."
FD9-004,R25R-0052,2025-09-16,Saratov oil refinery,EXCLUDE,CLAIMED,SINGLE_SOURCE,EXCLUDE_NOT_EVENT,NO_INDEPENDENT_QUALIFYING_PHYSICAL_TARGET_EFFECT,UNIQUE,,FALSE,NO_INCREMENT,"The target claim and reported explosions/fire originate from Ukrainian General Staff reporting. Reuters' same-day industry reporting addressed broader Russian oil-system stress but did not independently establish a distinct physical effect at Saratov on 16 September."
FD9-005,R25R-0058,2025-09-26,Afipsky oil refinery,CONFIRM,CONFIRMED,CONFIRMED_INDEPENDENT,INCLUDE_RUSSIA_PROPER,,UNIQUE,,FALSE,ADD_CONFIRMED,"Reuters reported regional authorities confirming drone debris struck an Afipsky refinery unit and caused a fire; an industry source said a primary refining unit burned and was stopped."
FD9-006,R25R-0067,2025-10-04,Kirishi oil refinery,MERGE_DATE_CORRECTED,CONFIRMED,CONFIRMED_INDEPENDENT,DUPLICATE,DATE_IN_V1_RECONCILIATION_WAS_PUBLICATION_OR_RETROSPECTIVE_MISDATE,DUPLICATE_LINKED,R25R-SUP-0104,FALSE,NO_INCREMENT_DUPLICATE,"The V1 13-Oct row is not a separate attack. Reuters industry-source reporting identifies the qualifying fresh Kirishi attack as 4 October, with CDU-6 halted after the drone attack/fire. Link the V1 row to the 4-Oct canonical event already in the confirmed register."
FD9-007,R25R-0079,2025-11-16,Novokuibyshevsk oil refinery,EXCLUDE,CLAIMED,SINGLE_SOURCE,EXCLUDE_NOT_EVENT,NO_INDEPENDENT_QUALIFYING_PHYSICAL_TARGET_EFFECT,UNIQUE,,FALSE,NO_INCREMENT,"The V1 15-Nov date is corrected to the overnight 15/16-Nov wave. Reuters reported the Ukrainian General Staff claim on 16/17 November, but no Reuters verification, Russian operator/regional target-level damage confirmation or industry-source physical effect was found for this wave."
FD9-008,R25R-0090,2025-12-03,Druzhba pipeline infrastructure Tambov region,EXCLUDE,CLAIMED,SINGLE_SOURCE,EXCLUDE_NOT_EVENT,NO_INDEPENDENT_QUALIFYING_PHYSICAL_TARGET_EFFECT,UNIQUE,,FALSE,NO_INCREMENT,"Reuters' 3-Dec report relied on a Ukrainian GUR source for the hit. Slovak and Hungarian pipeline operators reported flows normal and Russia did not confirm target damage. No independently established physical target effect was found."
FD9-009,R25R-0092,2025-12-25,Novoshakhtinsk oil refinery,EXCLUDE,CLAIMED,SINGLE_SOURCE,EXCLUDE_NOT_EVENT,NO_INDEPENDENT_QUALIFYING_PHYSICAL_TARGET_EFFECT,UNIQUE,,FALSE,NO_INCREMENT,"Reuters reported the Ukrainian General Staff Storm Shadow strike claim and explosions, but no independent Russian/regional/operator, industry-source or Reuters-verified physical effect at the refinery was located for 25 December."
