CandidateID,SourceEventID,ParentEventID,CanonicalEventDate,SourceClass,TargetID,NodeID,TargetName,Location,TargetClass,SplitStatus,DedupeStatus,RelatedEventID,CandidateCensusComplete,TargetResolution,SourceURL,Notes
VIINA-RU-001,373644,,2025-03-11,MANUAL_PROMOTE,TGT_RU_ORYOL_STEEL_HORSE,NODE_RU_ORYOL_STEEL_HORSE,Steel Horse linear production dispatch / Druzhba metering facility,"Oryol Oblast, Russia",PIPELINE_PUMPING,NOT_APPLICABLE,UNIQUE,,FALSE,RESOLVED,https://t.me/rentv_news/170964,"VIINA geocoded Druzhba to Donetsk; independent reporting identifies the struck Druzhba facility in Oryol region as Steel Horse."
VIINA-RU-002,373677,,2025-08-18,MANUAL_PROMOTE,TGT_RU_NIKOLSKOYE_PUMP,NODE_RU_NIKOLSKOYE_PUMP,Nikolskoye oil pumping station,"Tambov Oblast, Russia",PIPELINE_PUMPING,NOT_APPLICABLE,UNIQUE,,FALSE,RESOLVED,https://news.liga.net/politics/news/udar-vsu-polnostyu-ostanovil-nefteprovod-druzhba-genshtab,"Strike stopped Druzhba pumping; separate from later Unecha/Naitopovichi attacks."
VIINA-RU-003,373693,,2025-08-22,MANUAL_PROMOTE,TGT_RU_UNECHA_PUMP,NODE_RU_UNECHA_PUMP,Unecha Druzhba oil pumping station,"Unecha, Bryansk Oblast, Russia",PIPELINE_PUMPING,NOT_APPLICABLE,UNIQUE,,FALSE,RESOLVED,https://www.pravda.com.ua/news/2025/08/22/7527313/,"Third Druzhba-system attack in short period; corroborated as Unecha station."
VIINA-RU-004,373735,,2025-09-07,MANUAL_PROMOTE,TGT_RU_NAITOP_OVICHI_8N,NODE_RU_NAITOP_OVICHI_8N,Naitopovichi 8-N oil pumping station,"Bryansk Oblast, Russia",PIPELINE_PUMPING,NOT_APPLICABLE,UNIQUE,,FALSE,RESOLVED,https://t.me/operativnoZSU/191221,"Canonical event date corrected from VIINA report date 2025-09-09 to night of 6-7 September. Duplicate row 373736 excluded upstream."
VIINA-RU-005,90778,,2025-09-12,MANUAL_PROMOTE,TGT_RU_PRIMORSK_PORT,NODE_RU_PRIMORSK_PORT,Primorsk oil export port,"Primorsk, Leningrad Oblast, Russia",PORT_EXPORT_LOGISTICS,NOT_APPLICABLE,UNIQUE,,FALSE,RESOLVED,https://news.liga.net/politics/news/drony-sbu-porazili-klyuchevoi-eksportnyi-port-v-rossii-primorsk-istochniki,"VIINA wrongly geocoded Prymorsk to Zaporizhzhia; report explicitly identifies Russian export port."
VIINA-RU-006,416425,,2026-02-15,MANUAL_PROMOTE,TGT_RU_TAMAN_VOLNA_COMPLEX,NODE_RU_TAMAN_VOLNA_COMPLEX,Taman port oil and gas complex at Volna,"Volna, Krasnodar Krai, Russia",PORT_EXPORT_LOGISTICS,NOT_APPLICABLE,UNIQUE,,FALSE,RESOLVED,https://militarnyi.com/uk/news/drony-urazyly-port-taman/,"Fresh drone attack on port oil/gas complex. Follow-up row 416426 excluded upstream."
VIINA-RU-007,405946,,2026-02-12,MANUAL_PROMOTE,TGT_RU_UKHTA_REFINERY,NODE_RU_UKHTA_REFINERY,Lukoil Ukhta refinery,"Ukhta, Komi Republic, Russia",REFINING_PETROCHEM_GAS,NOT_APPLICABLE,UNIQUE,,FALSE,RESOLVED,https://www.unian.ua/war/noviy-rekord-ukrajinski-droni-vdarili-po-npz-za-1750-km-vid-kordonu-bi-13284993.html,"Canonical event date is 2026-02-12; VIINA report date was 2026-02-13."
VIINA-RU-008,403096,,2026-02-23,MANUAL_PROMOTE,TGT_RU_KALEYKINO_PUMP,NODE_RU_KALEYKINO_PUMP,Kaleikino oil pumping station,"Tatarstan, Russia",PIPELINE_PUMPING,NOT_APPLICABLE,UNIQUE,,FALSE,RESOLVED,https://espreso.tv/viyna-z-rosiyeyu-nps-kaleykino-na-naftovomu-truboprovodi-druzhba-zaznala-nichnoi-ataki,"Druzhba-system pumping station near Almetyevsk."
VIINA-RU-009,274486,,2026-03-14,MANUAL_PROMOTE,TGT_RU_PORT_KAVKAZ,NODE_RU_PORT_KAVKAZ,Port Kavkaz oil depot / port complex,"Temryuk District, Krasnodar Krai, Russia",PORT_EXPORT_LOGISTICS,NOT_APPLICABLE,UNIQUE,,FALSE,RESOLVED,https://militarnyi.com/uk/news/drony-atakuvaly-port-kavkaz-u-krasnodarskomu-krayi-tse-p-yatyj-za-vantazhoobigom-port-rf/,"Port and associated oil-depot complex treated as one functional target pending finer facility evidence."
VIINA-RU-010,378311,,2026-03-16,MANUAL_PROMOTE,TGT_RU_LABINSK_OIL_DEPOT,NODE_RU_LABINSK_OIL_DEPOT,Labinsk oil depot,"Labinsk, Krasnodar Krai, Russia",FUEL_STORAGE_TERMINAL,NOT_APPLICABLE,UNIQUE,,FALSE,RESOLVED,https://militarnyi.com/uk/news/urazyly-naftobazu-v-misti-labinsk-na-kubani/,"Fresh Ukrainian drone strike with fire at oil depot."
VIINA-RU-011,431539,,2026-04-16,STRICT,TGT_RU_BELGOROD_YUZHNAYA,NODE_RU_BELGOROD_YUZHNAYA,Yuzhnaya electrical substation,"Belgorod, Belgorod Oblast, Russia",ENERGY_GRID_SUPPORT,NOT_APPLICABLE,UNIQUE,,FALSE,RESOLVED,https://militarnyi.com/uk/news/drony-zavdaly-udaru-po-elektropidstantsiyi-u-byelgorodi/,"Strict coordinate-confirmed Russia-proper candidate."
VIINA-RU-012,431557,,2026-04-21,STRICT,TGT_RU_SAMARA_DRUZHBA_STATION,NODE_RU_SAMARA_DRUZHBA_STATION,Samara Druzhba oil station,"Samara, Samara Oblast, Russia",PIPELINE_PUMPING,NOT_APPLICABLE,UNIQUE,,FALSE,RESOLVED,https://nv.ua/ukr/world/countries/droni-sbu-vrazila-vorozhu-naftostanciyu-samara-yaka-formuye-eksportniy-sort-nafti-urals-dzherela-nv-50601865.html,"Duplicate review row 403168 excluded upstream."
VIINA-RU-013,274495,,2026-06-08,MANUAL_PROMOTE,TGT_RU_GRUSHOVAYA_DEPOT,NODE_RU_GRUSHOVAYA_DEPOT,Grushovaya oil transfer depot / Sheskharis complex,"Novorossiysk, Krasnodar Krai, Russia",FUEL_STORAGE_TERMINAL,NOT_APPLICABLE,UNIQUE,,FALSE,RESOLVED,https://www.unian.ua/war/novorosiysk-droni-atakuvali-odnu-z-naybilshih-naftobaz-na-kavkazi-13405227.html,"Large oil storage/transfer facility in Novorossiysk."
VIINA-RU-014,431597,,2026-05-30,STRICT,TGT_RU_TAGANROG_AIRFIELD,NODE_RU_TAGANROG_AIRFIELD,Taganrog military airfield / Tu-142 aircraft,"Taganrog, Rostov Oblast, Russia",STRATEGIC_AIRBASE,NOT_APPLICABLE,UNIQUE,,FALSE,RESOLVED,https://militarnyi.com/uk/news/sbs-urazyly-dva-litaky-tu-142-v-taganrozi/,"Two Tu-142 aircraft struck at one airfield; counted as one functional target node unless later rule requires aircraft-level units."
VIINA-RU-015,431608,,2026-06-20,STRICT,TGT_RU_TAGANROG_ATLANT_SUBSTATION,NODE_RU_TAGANROG_ATLANT_SUBSTATION,Electrical substation supplying Atlant Aero drone plant,"Taganrog, Rostov Oblast, Russia",ENERGY_GRID_SUPPORT,NOT_APPLICABLE,UNIQUE,,FALSE,RESOLVED,https://nv.ua/ukr/world/countries/diversiya-v-taganrozi-poshkodzheno-pidstanciyu-zavodu-droniv-atlant-aero-50617834.html,"Partisan sabotage claim; candidate status does not imply independent confirmation."
VIINA-RU-016,431572,431572,2026-05-08,SPLIT_COMPONENT,TGT_RU_YAROSLAVL_YANOS,NODE_RU_YAROSLAVL_YANOS,Slavneft-YANOS / Yaroslavnefteorgsintez refinery,"Yaroslavl, Yaroslavl Oblast, Russia",REFINING_PETROCHEM_GAS,SPLIT_COMPONENT_RESOLVED,UNIQUE,,FALSE,RESOLVED,https://www.pravda.com.ua/news/2026/05/08/8033713/,"Resolved component of composite VIINA event 431572."
VIINA-RU-017,431572,431572,2026-05-08,SPLIT_COMPONENT,TGT_RU_ROSTOV_AGROPROMZAPCHAST,NODE_RU_ROSTOV_AGROPROMZAPCHAST,RostovAgroPromZapchast plant,"Rostov-on-Don, Rostov Oblast, Russia",INDUSTRIAL_UNRESOLVED,SPLIT_COMPONENT_RESOLVED,UNIQUE,,FALSE,LOCATION_AND_FACILITY_RESOLVED_TARGET_CLASS_UNCERTAIN,https://www.pravda.com.ua/news/2026/05/08/8033713/,"Physical target resolved; DEEP target-class relevance remains uncertain."
VIINA-RU-018,378313,378313,2026-04-11,SPLIT_COMPONENT,TGT_RU_TVER_OIL_INFRA_20260411,,Tver oil facility/facilities (unspecified),"Tver, Tver Oblast, Russia",FUEL_STORAGE_TERMINAL,SPLIT_COMPONENT_TARGET_ID_UNRESOLVED,UNIQUE,,FALSE,TARGET_ID_UNRESOLVED,https://interfax.com.ua/news/general/1158494.html,"Russia-proper component retained, but unique facility identity is unresolved and must not count as a distinct TargetID/NodeID yet."
VIINA-RU-019,378313,378313,2026-04-11,SPLIT_COMPONENT,TGT_RU_KRYMSKAYA_PUMP_STATION,NODE_RU_KRYMSKAYA_PUMP_STATION,Krymskaya oil pumping station,"Krymsk, Krasnodar Krai, Russia",PIPELINE_PUMPING,SPLIT_COMPONENT_RESOLVED,UNIQUE,,FALSE,RESOLVED,https://interfax.com.ua/news/general/1158494.html,"Resolved component; report indicates repeat strike on this node."
VIINA-RU-020,378319,378319,2026-06-28,SPLIT_COMPONENT,TGT_RU_SLAVYANSK_EKO_REFINERY,NODE_RU_SLAVYANSK_EKO_REFINERY,Slavyansk-EKO refinery,"Slavyansk-na-Kubani, Krasnodar Krai, Russia",REFINING_PETROCHEM_GAS,SPLIT_COMPONENT_RESOLVED,UNIQUE,,FALSE,RESOLVED,https://news.liga.net/politics/news/v-rossii-atakovan-kuban-pozhar-na-npz-fiksiruyut-sputniki,"Only the refinery is retained as a resolved DEEP target from the composite report; residential/power/gas collateral entries are excluded."
