event_id_1pd,date,n_reports,event_ids_matching,sources_matching,source_urls,target_classes,target_terms,attack_terms,geonameid,asciiname,ADM1_NAME,ADM2_NAME,longitude,latitude,location_bucket,location_method,nearest_ru_distance_km,nearest_ru_geonameid,nearest_ru_name,a_ukr_init_field,a_ukr_init,a_ukr_field,a_ukr,a_rus_init_field,a_rus_init,a_rus_field,a_rus,ua_actor_text_terms,ru_scope_text_terms,representative_text,TriageStatus,TriageReason,CandidateCensusComplete,ScopeAuto,ScopeReason,EventFormAuto,EventFormReason,ExactReportDuplicateCluster,TriagePriority,ManualReviewRequired
255171,20220302,1,147885,mz,https://www.osce.org/chairmanship/513280,FUEL_STORAGE_TERMINAL,нефтебаз,удар|уничтож,710735,Chernihiv,Chernihiv,Chernihivs'ka,31.298652,51.491007,REVIEW,REVIEW_COORDINATE_NEAR_RU,16.908,491522,Snov,a_ukr_init_b,,a_ukr_b,1,a_rus_init_b,,a_rus_b,0,Украин,орел,"В Чернигове, по которому наносит удары авиация, из-под завалов вытащили тела 33 погибших людей и 18 раненых, сообщает ГСЧС Украины. Сейчас из-за продолжающих обстрелов спасательные работы временно приостановлены, уточняет ведомство. Мэр города Владислав Атрошенко сообщил, что российские бомбардировщики бомбили жилые дома, также снарядами были разрушены две школы. «За что воюют здесь россияне? Я не знаю, какой русский мир здесь спасают или от каких бандеровцев. <﻿…﻿> Россия воюя с мирным населением Украины, бомбя города, бомбя школы, жилые дома, она уничтожает будущее своих детей и будущее своих внуков. Она превращается в международного изгоя», — сказал Атрошенко. Во время утреннего обстрела города снаряд попал в нефтебазу, в результате резервуар загорелся.",REVIEW_LOCATION_AMBIGUOUS,REVIEW_COORDINATE_NEAR_RU,FALSE,RUSSIA_PROPER,RUSSIAN_PLACE_TEXT,EVENT_FORM_UNRESOLVED,NO_DECISIVE_EVENT_FORM_CUE,,P2_RUSSIA_FROM_AMBIGUOUS,TRUE
306768,20220610,1,1626579,meduza,https://twitter.com/GirkinGirkin/status/1537484323007483905,AMMUNITION_ARSENAL,склад боеприпас,ракет,809888,Kul'va,Luhans'k,Antratsytivs'kyi,38.944256,48.158547,REVIEW,REVIEW_COORDINATE_NEAR_RU,18.109,709709,Donetskiy Kryazh,a_ukr_init_b,,a_ukr_b,0,a_rus_init_b,,a_rus_b,1,,твер,"В поселке Хрустальном ракетой поражено промышленное здание, которое, как утверждается, использовалось как российский склад боеприпасов.",REVIEW_LOCATION_AMBIGUOUS,REVIEW_COORDINATE_NEAR_RU,FALSE,RUSSIA_PROPER,RUSSIAN_PLACE_TEXT,EVENT_FORM_UNRESOLVED,NO_DECISIVE_EVENT_FORM_CUE,,P2_RUSSIA_FROM_AMBIGUOUS,TRUE
314880,20220810,1,78888,liveuamap,https://t.me/bbbreaking/132365,STRATEGIC_AIRBASE,авіабаз,вибух|пожеж,7039154,Novofedorovka,Crimea,Saks'kyi,33.59224,45.08758,REVIEW,REVIEW_DISPUTED_CRIMEA,,,,a_ukr_init_b,,a_ukr_b,0,a_rus_init_b,,a_rus_b,0,,твер,"Міноборони Росії стверджує, що причиною пожежі та подальших вибухів на авіабазі в Новофедорівці стали вибухи кількох авіабомб",REVIEW_LOCATION_AMBIGUOUS,REVIEW_DISPUTED_CRIMEA,FALSE,RUSSIA_PROPER,RUSSIAN_PLACE_TEXT,EVENT_FORM_UNRESOLVED,NO_DECISIVE_EVENT_FORM_CUE,,P2_RUSSIA_FROM_AMBIGUOUS,TRUE
228979,20220224,21,147117|147131|370255,mz,https://www.facebook.com/anton.gerashchenko.7/posts/4865046130248862|https://zona.media/online/2022/02/24/war,STRATEGIC_AIRBASE,аэродром,атак|уничтож,708251,Hostomel,Kiev,Kyievo-Sviatoshyns'kyi,30.264853,50.580265,DROP,DROP_LOCATION_NOT_RU,,,,a_ukr_init_b,,a_ukr_b,0,a_rus_init_b,,a_rus_b,0,Украин,твер,"Советник министра Украины Антон Геращенко сообщил об атаке российских вертолетов на аэродром в Гостомеле в Киевской области. Он опубликовал видео, на котором, по его словам, один из сбитых вертолетов, всего было сбито три.  На видео, снятых местными жителями, говорят, что вертолетов было «штук 20». «Бомбят аэропорт», — говорит голос за кадров. || При захвате аэродрома в Гостомеле под Киевом были убиты больше «200 националистов», утверждает российское Минобороны. «При захвате аэродрома было уничтожено более двухсот националистов из состава специальных подразделений Украины», — сказали в военном ведомстве. || Советник министра Украины Антон Геращенко сообщил об атаке российских вертолетов на аэродром в Гостомеле в Киевской области. Он опубликовал видео, на котором, по его словам, один из сбитых вертолетов, всего было сбито три. На видео, снятых местными жителями, говорят, что вертолетов было «штук 20». «Бомбят аэропорт», — говорит голос за кадров.",REVIEW_TEXT_RUSSIA_UA_ACTOR,UA_ACTOR_TEXT+RU_SCOPE_TEXT,FALSE,RUSSIA_PROPER,RUSSIAN_PLACE_TEXT,EVENT_FORM_UNRESOLVED,NO_DECISIVE_EVENT_FORM_CUE,,P1_RUSSIA_UA_ACTOR,TRUE
342494,20220224,6,147023,mz,https://www.facebook.com/anton.gerashchenko.7/posts/4865046130248862,STRATEGIC_AIRBASE,аэродром,Уничтож|ракет,11550168,Nahortsi,Kiev,Ivankivs'kyi,30.12291,51.37472,DROP,DROP_LOCATION_NOT_RU,,,,a_ukr_init_b,,a_ukr_b,0,a_rus_init_b,,a_rus_b,0,украин,твер,"Российские СМИ публикуют информацию от Минобороны России. Территория в районе Чернобыльской АЭС накануне была взята под полный контроль российских войск, с военнослужащими украинского батальона охраны станции «достигнута договоренность о совместном обеспечении безопасности», радиоактивный фон в норме (при этом в инспекции ядерного регулирования Украины говорят, что радиоционный фон повысился из-за перемещения тяжеловесной техники по земле). В районе острова Змеиный сдались 82 украинских военных, с них берут подписку об отказе от боев и отпускают, утверждают в министерстве. Всего сложили оружие более 150 военных. Уничтожено 11 военных аэродромов, 13 пунктов управления, 14 зенитных ракетных комплексов ПВО, 36 радиолокационных станций, 11 летательных аппаратов, 18 бронированных машин, семь систем залпового огня.",REVIEW_TEXT_RUSSIA_UA_ACTOR,UA_ACTOR_TEXT+RU_SCOPE_TEXT,FALSE,RUSSIA_PROPER,RUSSIAN_PLACE_TEXT,EVENT_FORM_UNRESOLVED,NO_DECISIVE_EVENT_FORM_CUE,EXACT2022-0079,P1_RUSSIA_UA_ACTOR,TRUE
347733,20220224,15,147024,mz,https://www.facebook.com/anton.gerashchenko.7/posts/4865046130248862,STRATEGIC_AIRBASE,аэродром,Уничтож|ракет,,,,,30.2033074001998,45.25480665,DROP,DROP_LOCATION_NOT_RU,,,,a_ukr_init_b,,a_ukr_b,0,a_rus_init_b,,a_rus_b,0,украин,твер,"Российские СМИ публикуют информацию от Минобороны России. Территория в районе Чернобыльской АЭС накануне была взята под полный контроль российских войск, с военнослужащими украинского батальона охраны станции «достигнута договоренность о совместном обеспечении безопасности», радиоактивный фон в норме (при этом в инспекции ядерного регулирования Украины говорят, что радиоционный фон повысился из-за перемещения тяжеловесной техники по земле). В районе острова Змеиный сдались 82 украинских военных, с них берут подписку об отказе от боев и отпускают, утверждают в министерстве. Всего сложили оружие более 150 военных. Уничтожено 11 военных аэродромов, 13 пунктов управления, 14 зенитных ракетных комплексов ПВО, 36 радиолокационных станций, 11 летательных аппаратов, 18 бронированных машин, семь систем залпового огня.",REVIEW_TEXT_RUSSIA_UA_ACTOR,UA_ACTOR_TEXT+RU_SCOPE_TEXT,FALSE,RUSSIA_PROPER,RUSSIAN_PLACE_TEXT,EVENT_FORM_UNRESOLVED,NO_DECISIVE_EVENT_FORM_CUE,EXACT2022-0079,P1_RUSSIA_UA_ACTOR,TRUE
145205,20220225,28,147404,mz,https://zona.media/online/2022/02/24/war-2,STRATEGIC_AIRBASE,аэродром,уничтож,703448,Kyiv,Kiev City,Shevchenkivs'kyi,30.52355,50.450441,DROP,DROP_LOCATION_NOT_RU,,,,a_ukr_init_b,,a_ukr_b,0,a_rus_init_b,,a_rus_b,0,Украин,твер,"При захвате аэродрома в Гостомеле под Киевом были убиты больше «200 националистов», утверждает российское Минобороны.  «При захвате аэродрома было уничтожено более двухсот националистов из состава специальных подразделений Украины», — сказали в военном ведомстве.",REVIEW_TEXT_RUSSIA_UA_ACTOR,UA_ACTOR_TEXT+RU_SCOPE_TEXT,FALSE,RUSSIA_PROPER,RUSSIAN_PLACE_TEXT,EVENT_FORM_UNRESOLVED,NO_DECISIVE_EVENT_FORM_CUE,EXACT2022-0080,P1_RUSSIA_UA_ACTOR,TRUE
229015,20220225,3,147403,mz,https://zona.media/online/2022/02/24/war-2,STRATEGIC_AIRBASE,аэродром,уничтож,708251,Hostomel,Kiev,Kyievo-Sviatoshyns'kyi,30.264853,50.580265,DROP,DROP_LOCATION_NOT_RU,,,,a_ukr_init_b,,a_ukr_b,0,a_rus_init_b,,a_rus_b,0,Украин,твер,"При захвате аэродрома в Гостомеле под Киевом были убиты больше «200 националистов», утверждает российское Минобороны.  «При захвате аэродрома было уничтожено более двухсот националистов из состава специальных подразделений Украины», — сказали в военном ведомстве.",REVIEW_TEXT_RUSSIA_UA_ACTOR,UA_ACTOR_TEXT+RU_SCOPE_TEXT,FALSE,RUSSIA_PROPER,RUSSIAN_PLACE_TEXT,EVENT_FORM_UNRESOLVED,NO_DECISIVE_EVENT_FORM_CUE,EXACT2022-0080,P1_RUSSIA_UA_ACTOR,TRUE
342498,20220225,3,147348,mz,https://zona.media/online/2022/02/24/war-2,STRATEGIC_AIRBASE,аэродром,Уничтож|ракет,11550168,Nahortsi,Kiev,Ivankivs'kyi,30.12291,51.37472,DROP,DROP_LOCATION_NOT_RU,,,,a_ukr_init_b,,a_ukr_b,0,a_rus_init_b,,a_rus_b,0,украин,твер,"Российские СМИ публикуют информацию от Минобороны России.  Территория в районе Чернобыльской АЭС накануне была взята под полный контроль российских войск, с военнослужащими украинского батальона охраны станции «достигнута договоренность о совместном обеспечении безопасности», радиоактивный фон в норме (при этом в инспекции ядерного регулирования Украины говорят, что радиоционный фон повысился из-за перемещения тяжеловесной техники по земле).  В районе острова Змеиный сдались 82 украинских военных, с них берут подписку об отказе от боев и отпускают, утверждают в министерстве. Всего сложили оружие более 150 военных.   Уничтожено 11 военных аэродромов, 13 пунктов управления, 14 зенитных ракетных комплексов ПВО, 36 радиолокационных станций, 11 летательных аппаратов, 18 бронированных машин, семь систем залпового огня.",REVIEW_TEXT_RUSSIA_UA_ACTOR,UA_ACTOR_TEXT+RU_SCOPE_TEXT,FALSE,RUSSIA_PROPER,RUSSIAN_PLACE_TEXT,EVENT_FORM_UNRESOLVED,NO_DECISIVE_EVENT_FORM_CUE,EXACT2022-0081,P1_RUSSIA_UA_ACTOR,TRUE
347748,20220225,6,147349,mz,https://zona.media/online/2022/02/24/war-2,STRATEGIC_AIRBASE,аэродром,Уничтож|ракет,,,,,30.2033074001998,45.25480665,DROP,DROP_LOCATION_NOT_RU,,,,a_ukr_init_b,,a_ukr_b,0,a_rus_init_b,,a_rus_b,0,украин,твер,"Российские СМИ публикуют информацию от Минобороны России.  Территория в районе Чернобыльской АЭС накануне была взята под полный контроль российских войск, с военнослужащими украинского батальона охраны станции «достигнута договоренность о совместном обеспечении безопасности», радиоактивный фон в норме (при этом в инспекции ядерного регулирования Украины говорят, что радиоционный фон повысился из-за перемещения тяжеловесной техники по земле).  В районе острова Змеиный сдались 82 украинских военных, с них берут подписку об отказе от боев и отпускают, утверждают в министерстве. Всего сложили оружие более 150 военных.   Уничтожено 11 военных аэродромов, 13 пунктов управления, 14 зенитных ракетных комплексов ПВО, 36 радиолокационных станций, 11 летательных аппаратов, 18 бронированных машин, семь систем залпового огня.",REVIEW_TEXT_RUSSIA_UA_ACTOR,UA_ACTOR_TEXT+RU_SCOPE_TEXT,FALSE,RUSSIA_PROPER,RUSSIAN_PLACE_TEXT,EVENT_FORM_UNRESOLVED,NO_DECISIVE_EVENT_FORM_CUE,EXACT2022-0081,P1_RUSSIA_UA_ACTOR,TRUE
145301,20220226,103,147617|147625,mz,https://t.me/uniannet/32695,FUEL_STORAGE_TERMINAL|STRATEGIC_AIRBASE,авиабаз|аэродром|нефтебаз,взрыв|ракет|удар,703448,Kyiv,Kiev City,Shevchenkivs'kyi,30.52355,50.450441,DROP,DROP_LOCATION_NOT_RU,,,,a_ukr_init_b,,a_ukr_b,0,a_rus_init_b,,a_rus_b,0,ВСУ|Украин,орел|твер,"В городе Василькове в 25 километрах к юго-западу от окраины Киева после ракетного удара загорелась нефтебаза, пишет «Сегодня» со ссылкой на мэра города Наталью Баласинович. «Уважаемая Васильковская община! Вы видите все происходящее. Видите огонь. Это, к сожалению, горит нефтебаза на Крячках. Сегодня весь день шли мощные обстрелы баллистическими ракетами, в том числе — нашего аэродрома. И сейчас идут обстрелы. Ночь будет непростой, что у нас, что в Киеве. <﻿…﻿> Если вы слышите сильные взрывы — идите в укрытия», — приводит ее слова Znak. Вчера УНИАН сообщал о боях в Василькове после попытки высадить десант с воздуха. «Украинская правда» со ссылкой на неназванного собеседника в командовании ВСУ писала, что бой шел за авиабазу «Васильков», на которой базируются шесть самолетов МиГ-29. || На онлайн-камере, установленной на Майдане в центре Киева, всю ночь с небольшими перерывами слышна стрельба очередями и взрывы. Чаще всего выстрелы звучат в отдалении, но иногда очереди раздаются в непосредственной близости от места съемки. Украинские СМИ о местах боев в городе за ночь не сообщали. Глава Киевской областной администрации Алексей Кулеба написал, что бой продолжается в городе Васильков. Накануне в городе, как утверждают вооруженные силы Украины, пытался высадиться российский десант и захватить военный аэропорт. В Василькове горит нефтебаза.",REVIEW_TEXT_RUSSIA_UA_ACTOR,UA_ACTOR_TEXT+RU_SCOPE_TEXT,FALSE,RUSSIA_PROPER,RUSSIAN_PLACE_TEXT,FOLLOWUP_OR_AFTERMATH,FOLLOWUP_CUE_NO_FRESH_VERB,,P1_RUSSIA_UA_ACTOR,TRUE
32209,20220226,8,147616|147618|147627,mz,https://t.me/uniannet/32695,FUEL_STORAGE_TERMINAL|STRATEGIC_AIRBASE,авиабаз|аэродром|нефтебаз,взрыв|ракет|удар,690412,Vasylkiv,Kiev,Vasyl'kivs'kyi,30.313146,50.179501,DROP,DROP_LOCATION_NOT_RU,,,,a_ukr_init_b,,a_ukr_b,0,a_rus_init_b,,a_rus_b,0,ВСУ|Украин,орел|твер,"В городе Василькове в 25 километрах к юго-западу от окраины Киева после ракетного удара загорелась нефтебаза, пишет «Сегодня» со ссылкой на мэра города Наталью Баласинович. «Уважаемая Васильковская община! Вы видите все происходящее. Видите огонь. Это, к сожалению, горит нефтебаза на Крячках. Сегодня весь день шли мощные обстрелы баллистическими ракетами, в том числе — нашего аэродрома. И сейчас идут обстрелы. Ночь будет непростой, что у нас, что в Киеве. <﻿…﻿> Если вы слышите сильные взрывы — идите в укрытия», — приводит ее слова Znak. Вчера УНИАН сообщал о боях в Василькове после попытки высадить десант с воздуха. «Украинская правда» со ссылкой на неназванного собеседника в командовании ВСУ писала, что бой шел за авиабазу «Васильков», на которой базируются шесть самолетов МиГ-29. || В городе Василькове в 25 километрах к юго-западу от окраины Киева после ракетного удара загорелась нефтебаза, пишет «Сегодня» со ссылкой на мэра города Наталью Баласинович. «Уважаемая Васильковская община! Вы видите все происходящее. Видите огонь. Это, к сожалению, горит нефтебаза на Крячках. Сегодня весь день шли мощные обстрелы баллистическими ракетами, в том числе — нашего аэродрома. И сейчас идут обстрелы. Ночь будет непростой, что у нас, что в Киеве. <﻿…﻿> Если вы слышите сильные взрывы — идите в укрытия», — приводит ее слова Znak. Вчера УНИАН сообщал о боях в Василькове после попытки высадить десант с воздуха. «Украинская правда» со ссылкой на неназванного собеседника в командовании ВСУ писала, что бой шел за авиабазу «Васильков», на которой базируются шесть самолетов МиГ-29. || На онлайн-камере, установленной на Майдане в центре Киева, всю ночь с небольшими перерывами слышна стрельба очередями и взрывы. Чаще всего выстрелы звучат в отдалении, но иногда очереди раздаются в непосредственной близости от места съемки. Украинские СМИ о местах боев в городе за ночь не сообщали. Глава Киевской областной администрации Алексей Кулеба написал, что бой продолжается в городе Васильков. Накануне в городе, как утверждают вооруженные силы Украины, пытался высадиться российский десант и захватить военный аэропорт. В Василькове горит нефтебаза.",REVIEW_TEXT_RUSSIA_UA_ACTOR,UA_ACTOR_TEXT+RU_SCOPE_TEXT,FALSE,RUSSIA_PROPER,RUSSIAN_PLACE_TEXT,FOLLOWUP_OR_AFTERMATH,FOLLOWUP_CUE_NO_FRESH_VERB,,P1_RUSSIA_UA_ACTOR,TRUE
145724,20220303,53,147898,mz,https://www.youtube.com/watch?v=fYUT36YGOh8,STRATEGIC_AIRBASE,аэродром,атак,703448,Kyiv,Kiev City,Shevchenkivs'kyi,30.52355,50.450441,DROP,DROP_LOCATION_NOT_RU,,,,a_ukr_init_b,,a_ukr_b,0,a_rus_init_b,,a_rus_b,0,украин,орел|твер,"Российский «Первый канал» опубликовал репортаж из аэродрома Гостомель под Киевом. На кадрах репортажа виден сожженный самолет Ан-225 «Мрия» — один из самых больших и мощных самолетов украинского производства в мире. Сотрудница «Первого канала» утверждает, что в ангар, где находилось судно, попал снаряд украинской артиллерии. 27 февраля, на четвертый день вторжения в Украину, Верховная рада сообщала, что «Мрия» сгорела в результате воздушной атаки российских войск.",REVIEW_TEXT_RUSSIA_UA_ACTOR,UA_ACTOR_TEXT+RU_SCOPE_TEXT,FALSE,RUSSIA_PROPER,RUSSIAN_PLACE_TEXT,EVENT_FORM_UNRESOLVED,NO_DECISIVE_EVENT_FORM_CUE,EXACT2022-0082,P1_RUSSIA_UA_ACTOR,TRUE
229066,20220303,7,147897,mz,https://www.youtube.com/watch?v=fYUT36YGOh8,STRATEGIC_AIRBASE,аэродром,атак,708251,Hostomel,Kiev,Kyievo-Sviatoshyns'kyi,30.264853,50.580265,DROP,DROP_LOCATION_NOT_RU,,,,a_ukr_init_b,,a_ukr_b,0,a_rus_init_b,,a_rus_b,0,украин,орел|твер,"Российский «Первый канал» опубликовал репортаж из аэродрома Гостомель под Киевом. На кадрах репортажа виден сожженный самолет Ан-225 «Мрия» — один из самых больших и мощных самолетов украинского производства в мире. Сотрудница «Первого канала» утверждает, что в ангар, где находилось судно, попал снаряд украинской артиллерии. 27 февраля, на четвертый день вторжения в Украину, Верховная рада сообщала, что «Мрия» сгорела в результате воздушной атаки российских войск.",REVIEW_TEXT_RUSSIA_UA_ACTOR,UA_ACTOR_TEXT+RU_SCOPE_TEXT,FALSE,RUSSIA_PROPER,RUSSIAN_PLACE_TEXT,EVENT_FORM_UNRESOLVED,NO_DECISIVE_EVENT_FORM_CUE,EXACT2022-0082,P1_RUSSIA_UA_ACTOR,TRUE
29408,20220305,4,148066|148078,mz,https://www.instagram.com/p/Cat6IYVqteF/,STRATEGIC_AIRBASE,аэродром,ракет|удар|уничтож,689558,Vinnytsya,Vinnytsya,Vinnyts'ka,28.46868,49.232559,DROP,DROP_LOCATION_NOT_RU,,,,a_ukr_init_b,,a_ukr_b,0,a_rus_init_b,,a_rus_b,0,ВСУ|Украин,твер,"Советник главы МВД Украины Антон Геращенко опубликовал фото и видео последствий ракетного удара по аэропорту в Виннице. Снимки непосредственно с территории разрушенного аэродрома у себя в телеграм-канале выложил мэр Винницы Сергей Моргунов. Ранее Владимир Зеленский сообщил, что в результате ракетного удара аэропорт оказался разрушен. Глава МИД Украины уточнил, что удар по Виннице был нанесен крылатыми ракетами. || Вечерний брифинг Минобороны, коротко: — Минобороны подтвердило уничтожение аэродрома в Виннице; — Практически вся боеспособная авиация ВСУ уничтожена, утверждают в Минобороны; — Также в Минобороны утверждают, что оставшаяся украинская авиация базируется в соседних странах, в том числе в Румынии. Это может расцениваться как вовлечение таких стран в вооруженный конфликт, сказал представитель Минобороны Игорь Конашенков. — Конашенков также утверждает, что российские военные вскрыли «факты зачистки киевским режимом следов реализуемой на Украине военно-биологической программы, финансируемой Минобороны США». По словам Конашенкова, российским военными получены данные о «секретных биологических экспериментах на территории Украины».",REVIEW_TEXT_RUSSIA_UA_ACTOR,UA_ACTOR_TEXT+RU_SCOPE_TEXT,FALSE,RUSSIA_PROPER,RUSSIAN_PLACE_TEXT,FOLLOWUP_OR_AFTERMATH,FOLLOWUP_CUE_NO_FRESH_VERB,EXACT2022-0083,P1_RUSSIA_UA_ACTOR,TRUE
29416,20220306,16,148166|148196,mz,https://www.instagram.com/p/Cat6IYVqteF/,STRATEGIC_AIRBASE,аэродром,ракет|удар|уничтож,689558,Vinnytsya,Vinnytsya,Vinnyts'ka,28.46868,49.232559,DROP,DROP_LOCATION_NOT_RU,,,,a_ukr_init_b,,a_ukr_b,0,a_rus_init_b,,a_rus_b,0,ВСУ|Украин,твер,"Советник главы МВД Украины Антон Геращенко опубликовал фото и видео последствий ракетного удара по аэропорту в Виннице. Снимки непосредственно с территории разрушенного аэродрома у себя в телеграм-канале выложил мэр Винницы Сергей Моргунов. Ранее Владимир Зеленский сообщил, что в результате ракетного удара аэропорт оказался разрушен. Глава МИД Украины уточнил, что удар по Виннице был нанесен крылатыми ракетами. || Вечерний брифинг Минобороны, коротко: — Минобороны подтвердило уничтожение аэродрома в Виннице; — Практически вся боеспособная авиация ВСУ уничтожена, утверждают в Минобороны; — Также в Минобороны утверждают, что оставшаяся украинская авиация базируется в соседних странах, в том числе в Румынии. Это может расцениваться как вовлечение таких стран в вооруженный конфликт, сказал представитель Минобороны Игорь Конашенков. — Конашенков также утверждает, что российские военные вскрыли «факты зачистки киевским режимом следов реализуемой на Украине военно-биологической программы, финансируемой Минобороны США». По словам Конашенкова, российским военными получены данные о «секретных биологических экспериментах на территории Украины».",REVIEW_TEXT_RUSSIA_UA_ACTOR,UA_ACTOR_TEXT+RU_SCOPE_TEXT,FALSE,RUSSIA_PROPER,RUSSIAN_PLACE_TEXT,FOLLOWUP_OR_AFTERMATH,FOLLOWUP_CUE_NO_FRESH_VERB,EXACT2022-0083,P1_RUSSIA_UA_ACTOR,TRUE
147220,20220401,49,249897|59863,liveuamap|ria,https://ria.ru/20220401/spetsoperatsiya-1781396455.html|https://twitter.com/Novynarnia/status/1509468013971582977,FUEL_STORAGE_TERMINAL,нафтобаз|нефтебаз,ракет|удар,703448,Kyiv,Kiev City,Shevchenkivs'kyi,30.52355,50.450441,DROP,DROP_LOCATION_NOT_RU,,,,a_ukr_init_b,,a_ukr_b,0,a_rus_init_b,,a_rus_b,0,Украин,Москв,"Росія ракетами розбомбила нафтобазу у Фастові Київської області || День 37-й: удар Украины по нефтебазе, проработка контактов Москвы и Киева",REVIEW_TEXT_RUSSIA_UA_ACTOR,UA_ACTOR_TEXT+RU_SCOPE_TEXT,FALSE,RUSSIA_PROPER,RUSSIAN_PLACE_TEXT,EVENT_FORM_UNRESOLVED,NO_DECISIVE_EVENT_FORM_CUE,,P1_RUSSIA_UA_ACTOR,TRUE
254082,20220414,1,322171,espreso,https://espreso.tv/chornobaivka-15-raz-zsu-znishchili-rosiyski-skladi-boepripasiv-a-okupatsiyniy-kreyser-moskva-zatonuv-arestovich,AMMUNITION_ARSENAL,склади боєприпас,знищ,710715,Chornobaivka,Kherson,Bilozers'kyi,32.545136,46.694826,DROP,DROP_LOCATION_NOT_RU,,,,a_ukr_init_b,,a_ukr_b,1,a_rus_init_b,,a_rus_b,0,ЗСУ,Москв,"Чорнобаївка 15 раз: ЗСУ знищили російські склади боєприпасів, а окупаційний крейсер """"""""Москва"""""""" затонув",REVIEW_TEXT_RUSSIA_UA_ACTOR,UA_ACTOR_TEXT+RU_SCOPE_TEXT,FALSE,RUSSIA_PROPER,RUSSIAN_PLACE_TEXT,EVENT_FORM_UNRESOLVED,NO_DECISIVE_EVENT_FORM_CUE,,P1_RUSSIA_UA_ACTOR,TRUE
192361,20220610,1,1626656,meduza,https://t.me/milinfolive/85166,STRATEGIC_AIRBASE,аэродром,удар|уничтож,706004,Kryvoruchka,Mykolayiv,Voznesens'kyi,31.248662,47.506035,DROP,DROP_LOCATION_NOT_RU,,,,a_ukr_init_b,,a_ukr_b,0,a_rus_init_b,,a_rus_b,1,Украин,твер,"Как утверждается, уничтоженный российским ударом Су-25 ВВС Украины на военном аэродроме Мартыновское под Вознесенском (Николаевская область).",REVIEW_TEXT_RUSSIA_UA_ACTOR,UA_ACTOR_TEXT+RU_SCOPE_TEXT,FALSE,RUSSIA_PROPER,RUSSIAN_PLACE_TEXT,EVENT_FORM_UNRESOLVED,NO_DECISIVE_EVENT_FORM_CUE,,P1_RUSSIA_UA_ACTOR,TRUE
342727,20220624,1,1626746,meduza,https://t.me/NeoficialniyBeZsonoV/15122,AMMUNITION_ARSENAL,склад боеприпас,уничтож,11566277,Polihon,Mykolayiv,Zhovtnevyi,32.15029,46.95456,DROP,DROP_LOCATION_NOT_RU,,,,a_ukr_init_b,,a_ukr_b,0,a_rus_init_b,,a_rus_b,0,украин,твер,"Утверждается, что российская артиллерия уничтожила украинские полевой склад боеприпасов и позиции под Николаевым (Николаевская область).",REVIEW_TEXT_RUSSIA_UA_ACTOR,UA_ACTOR_TEXT+RU_SCOPE_TEXT,FALSE,RUSSIA_PROPER,RUSSIAN_PLACE_TEXT,EVENT_FORM_UNRESOLVED,NO_DECISIVE_EVENT_FORM_CUE,,P1_RUSSIA_UA_ACTOR,TRUE
170419,20220627,8,1641494,liga,https://news.liga.net/politics/news/rakety-po-kremenchugu-zapuskali-strategicheskie-bombardirovschiki-iz-kurskoy-oblasti-vs-vsu,STRATEGIC_AIRBASE,стратегические бомбард,Ракет,704147,Kremenchuk,Poltava,Kremenchuts'kyi,33.410241,49.065499,DROP,DROP_LOCATION_NOT_RU,,,,a_ukr_init_b,,a_ukr_b,0,a_rus_init_b,,a_rus_b,0,ВСУ,Курск,обновленодополнено Ракеты по Кременчугу запускали стратегические бомбардировщики из Курской области – ВС ВСУ,REVIEW_TEXT_RUSSIA_UA_ACTOR,UA_ACTOR_TEXT+RU_SCOPE_TEXT,FALSE,RUSSIA_PROPER,RUSSIAN_PLACE_TEXT,EVENT_FORM_UNRESOLVED,NO_DECISIVE_EVENT_FORM_CUE,,P1_RUSSIA_UA_ACTOR,TRUE
144069,20220722,1,39124,interfaxua,https://interfax.com.ua/news/general/847734.html,REFINING_PETROCHEM_GAS,НПЗ,атак,702972,Lysychansk,Luhans'k,Lysychans'ka,38.419552,48.912914,DROP,DROP_LOCATION_NOT_RU,,,,a_ukr_init_b,,a_ukr_b,0,a_rus_init_b,,a_rus_b,1,ЗСУ,твер,ЗСУ у четвер відбили ворожі атаки з боку Лисичанського НПЗ,REVIEW_TEXT_RUSSIA_UA_ACTOR,UA_ACTOR_TEXT+RU_SCOPE_TEXT,FALSE,RUSSIA_PROPER,RUSSIAN_PLACE_TEXT,EVENT_FORM_UNRESOLVED,NO_DECISIVE_EVENT_FORM_CUE,,P1_RUSSIA_UA_ACTOR,TRUE
151262,20220910,4,159073,ntv,https://www.ntv.ru/novosti/2723151/,STRATEGIC_AIRBASE,авиабаз,атак,703448,Kyiv,Kiev City,Shevchenkivs'kyi,30.52355,50.450441,DROP,DROP_LOCATION_NOT_RU,,,,a_ukr_init_b,,a_ukr_b,0,a_rus_init_b,,a_rus_b,0,ВСУ|Украин,Москв,"Украинская атака: ВСУ затягивают в «огневой каменный мешок» — Специальная военная операция России На авиабазе Рамштайн, где в обстановке полной секретности заседал так называемый клуб друзей и союзников Украины, западные генералы и политики ломали голову над тем, как еще помочь Киеву. Помогать, судя по настроениям в тамошних коридорах власти и военных штабах, придется довольно долго. В растиражированной на Западе статье украинского главкома Валерия Залужного тот рассказывает о планах военной кампании аж на 2023 год. Любые военные действия рано или поздно заканчиваются, но пока ни о финале, ни о переговорах, а тем более компромиссе ни Москва, ни Киев уже давно не говорят.",REVIEW_TEXT_RUSSIA_UA_ACTOR,UA_ACTOR_TEXT+RU_SCOPE_TEXT,FALSE,RUSSIA_PROPER,RUSSIAN_PLACE_TEXT,EVENT_FORM_UNRESOLVED,NO_DECISIVE_EVENT_FORM_CUE,EXACT2022-0089,P1_RUSSIA_UA_ACTOR,TRUE
151276,20220911,36,159101,ntv,https://www.ntv.ru/novosti/2723151/,STRATEGIC_AIRBASE,авиабаз,атак,703448,Kyiv,Kiev City,Shevchenkivs'kyi,30.52355,50.450441,DROP,DROP_LOCATION_NOT_RU,,,,a_ukr_init_b,,a_ukr_b,0,a_rus_init_b,,a_rus_b,0,ВСУ|Украин,Москв,"Украинская атака: ВСУ затягивают в «огневой каменный мешок» — Специальная военная операция России На авиабазе Рамштайн, где в обстановке полной секретности заседал так называемый клуб друзей и союзников Украины, западные генералы и политики ломали голову над тем, как еще помочь Киеву. Помогать, судя по настроениям в тамошних коридорах власти и военных штабах, придется довольно долго. В растиражированной на Западе статье украинского главкома Валерия Залужного тот рассказывает о планах военной кампании аж на 2023 год. Любые военные действия рано или поздно заканчиваются, но пока ни о финале, ни о переговорах, а тем более компромиссе ни Москва, ни Киев уже давно не говорят.",REVIEW_TEXT_RUSSIA_UA_ACTOR,UA_ACTOR_TEXT+RU_SCOPE_TEXT,FALSE,RUSSIA_PROPER,RUSSIAN_PLACE_TEXT,EVENT_FORM_UNRESOLVED,NO_DECISIVE_EVENT_FORM_CUE,EXACT2022-0089,P1_RUSSIA_UA_ACTOR,TRUE
152311,20221023,27,161433,ntv,https://www.ntv.ru/novosti/2729274/,ENERGY_GRID_SUPPORT,подстанц,Удар|атак|ракет,703448,Kyiv,Kiev City,Shevchenkivs'kyi,30.52355,50.450441,DROP,DROP_LOCATION_NOT_RU,,,,a_ukr_init_b,,a_ukr_b,0,a_rus_init_b,,a_rus_b,0,ВСУ|украин,Москв,"Экс-депутат Рады разоблачил «псевдоуспехи» ВСУ и предсказал взятие российскими войсками Одессы — Специальная военная операция России На этой неделе ракетные атаки шли практически каждый день и наносились вглубь всей украинской территории. Удары по электроподстанциям и линиям электропередачи привели к масштабным и длительным веерным отключениям. Власти призывают украинцев к тотальной экономии. При этом ошибкой было бы считать, что критическое состояние критически важной инфраструктуры хоть как-то изменило позицию официального Киева по поводу переговоров с Москвой. Владимир Зеленский снова заявил, что «пространства для переговоров» не осталось.",REVIEW_TEXT_RUSSIA_UA_ACTOR,UA_ACTOR_TEXT+RU_SCOPE_TEXT,FALSE,RUSSIA_PROPER,RUSSIAN_PLACE_TEXT,EVENT_FORM_UNRESOLVED,NO_DECISIVE_EVENT_FORM_CUE,EXACT2022-0090,P1_RUSSIA_UA_ACTOR,TRUE
95172,20221023,1,161432,ntv,https://www.ntv.ru/novosti/2729274/,ENERGY_GRID_SUPPORT,подстанц,Удар|атак|ракет,698740,Odessa,Odessa,Odes'ka,30.731689,46.484213,DROP,DROP_LOCATION_NOT_RU,,,,a_ukr_init_b,,a_ukr_b,0,a_rus_init_b,,a_rus_b,0,ВСУ|украин,Москв,"Экс-депутат Рады разоблачил «псевдоуспехи» ВСУ и предсказал взятие российскими войсками Одессы — Специальная военная операция России На этой неделе ракетные атаки шли практически каждый день и наносились вглубь всей украинской территории. Удары по электроподстанциям и линиям электропередачи привели к масштабным и длительным веерным отключениям. Власти призывают украинцев к тотальной экономии. При этом ошибкой было бы считать, что критическое состояние критически важной инфраструктуры хоть как-то изменило позицию официального Киева по поводу переговоров с Москвой. Владимир Зеленский снова заявил, что «пространства для переговоров» не осталось.",REVIEW_TEXT_RUSSIA_UA_ACTOR,UA_ACTOR_TEXT+RU_SCOPE_TEXT,FALSE,RUSSIA_PROPER,RUSSIAN_PLACE_TEXT,EVENT_FORM_UNRESOLVED,NO_DECISIVE_EVENT_FORM_CUE,EXACT2022-0090,P1_RUSSIA_UA_ACTOR,TRUE
228256,20221031,1,1628398,meduza,https://twitter.com/PaulJawin/status/1587325488208527360,AMMUNITION_ARSENAL,склад боеприпас,уничтож,707992,Blahodatne,Donets'k,Velykonovosilkivs'kyi,36.811333,47.797575,DROP,DROP_LOCATION_NOT_RU,,,,a_ukr_init_b,,a_ukr_b,1,a_rus_init_b,,a_rus_b,0,Украин,твер,"Украинская артиллерия, как утверждается, уничтожает российские РСЗО, склад боеприпасов и комплекс РЭБ южнее Великой Новоселки. Российские войска с марта безуспешно пытаются взять украинскую """"""""крепость"""""""" в этом районе.",REVIEW_TEXT_RUSSIA_UA_ACTOR,UA_ACTOR_TEXT+RU_SCOPE_TEXT,FALSE,RUSSIA_PROPER,RUSSIAN_PLACE_TEXT,EVENT_FORM_UNRESOLVED,NO_DECISIVE_EVENT_FORM_CUE,,P1_RUSSIA_UA_ACTOR,TRUE
153152,20221124,1,1672958,pravdaua,https://www.pravda.com.ua/news/2022/11/24/7377735/,ENERGY_GRID_SUPPORT,підстанц,Удар,703448,Kyiv,Kiev City,Shevchenkivs'kyi,30.52355,50.450441,DROP,DROP_LOCATION_NOT_RU,,,,a_ukr_init_b,,a_ukr_b,0,a_rus_init_b,,a_rus_b,1,Україн,Москв,"Удари по ТЕС і підстанціях не змусять Україну до переговорів із Росією – ISW. Росія здійснила сьому серію масованих по житлових будинках, теплових електростанціях і підстанціях у Києві та кількох областях України, але це не змусить українську владу домовлятися з Москвою, констатують в Інституті вивчення війни.",REVIEW_TEXT_RUSSIA_UA_ACTOR,UA_ACTOR_TEXT+RU_SCOPE_TEXT,FALSE,RUSSIA_PROPER,RUSSIAN_PLACE_TEXT,EVENT_FORM_UNRESOLVED,NO_DECISIVE_EVENT_FORM_CUE,,P1_RUSSIA_UA_ACTOR,TRUE
153314,20221130,1,163299,ntv,https://www.ntv.ru/novosti/2735941/,STRATEGIC_AIRBASE,аэродром,атак|удар,703448,Kyiv,Kiev City,Shevchenkivs'kyi,30.52355,50.450441,DROP,DROP_LOCATION_NOT_RU,,,,a_ukr_init_b,,a_ukr_b,0,a_rus_init_b,,a_rus_b,1,Украин,на территории России,Глава МИД Латвии призвал разрешить Украине атаковать российские аэродромы — Специальная военная операция России Министр иностранных дел Латвии Эдгарс Ринкевичс призвал Запад разрешить Киеву наносить удары по военным объектам на территории России.,REVIEW_TEXT_RUSSIA_UA_ACTOR,UA_ACTOR_TEXT+RU_SCOPE_TEXT,FALSE,RUSSIA_PROPER,EXPLICIT_RUSSIA_TEXT,EVENT_FORM_UNRESOLVED,NO_DECISIVE_EVENT_FORM_CUE,EXACT2022-0091,P1_RUSSIA_UA_ACTOR,TRUE
153317,20221201,18,163326,ntv,https://www.ntv.ru/novosti/2735941/,STRATEGIC_AIRBASE,аэродром,атак|удар,703448,Kyiv,Kiev City,Shevchenkivs'kyi,30.52355,50.450441,DROP,DROP_LOCATION_NOT_RU,,,,a_ukr_init_b,,a_ukr_b,0,a_rus_init_b,,a_rus_b,0,Украин,на территории России,Глава МИД Латвии призвал разрешить Украине атаковать российские аэродромы — Специальная военная операция России Министр иностранных дел Латвии Эдгарс Ринкевичс призвал Запад разрешить Киеву наносить удары по военным объектам на территории России.,REVIEW_TEXT_RUSSIA_UA_ACTOR,UA_ACTOR_TEXT+RU_SCOPE_TEXT,FALSE,RUSSIA_PROPER,EXPLICIT_RUSSIA_TEXT,EVENT_FORM_UNRESOLVED,NO_DECISIVE_EVENT_FORM_CUE,EXACT2022-0091,P1_RUSSIA_UA_ACTOR,TRUE
251841,20221214,1,1629031,meduza,https://twitter.com/GirkinGirkin/status/1605272465436975116,AMMUNITION_ARSENAL,складу боеприпас,удар,710209,Dekonskaya,Donets'k,Artemivs'kyi,38.114714,48.673779,DROP,DROP_LOCATION_NOT_RU,,,,a_ukr_init_b,,a_ukr_b,1,a_rus_init_b,,a_rus_b,0,украин,твер,"Как утверждается, украинские военные нанесли удар по российскому складу боеприпасов на юго-восточной окраине Соледара. Большие потери не помешали ЧВК Вагнера ворваться в город.",REVIEW_TEXT_RUSSIA_UA_ACTOR,UA_ACTOR_TEXT+RU_SCOPE_TEXT,FALSE,RUSSIA_PROPER,RUSSIAN_PLACE_TEXT,EVENT_FORM_UNRESOLVED,NO_DECISIVE_EVENT_FORM_CUE,,P1_RUSSIA_UA_ACTOR,TRUE
36851,20221214,2,1628875,meduza,https://twitter.com/mdfzeh/status/1610212399046352898,AMMUNITION_ARSENAL,склада боеприпас,удар|уничтож,691358,Torske,Donets'k,Krasnolymans'kyi,37.952894,49.021621,DROP,DROP_LOCATION_NOT_RU,,,,a_ukr_init_b,,a_ukr_b,0,a_rus_init_b,,a_rus_b,1,украин,твер,"Как утверждается, уничтожение артиллерийским ударом украинского склада боеприпасов в Торском.",REVIEW_TEXT_RUSSIA_UA_ACTOR,UA_ACTOR_TEXT+RU_SCOPE_TEXT,FALSE,RUSSIA_PROPER,RUSSIAN_PLACE_TEXT,EVENT_FORM_UNRESOLVED,NO_DECISIVE_EVENT_FORM_CUE,,P1_RUSSIA_UA_ACTOR,TRUE
