event_id_1pd,date,n_reports_viina,raw_reports_matching,event_ids_matching,sources_matching,source_urls,geonameid,asciiname,ADM1_NAME,ADM2_NAME,longitude,latitude,GEO_PRECISION,raw_geonameids,raw_places,raw_ADM1,raw_ADM2,a_ukr_init_field,a_ukr_init,a_ukr_field,a_ukr,a_rus_init_field,a_rus_init,a_rus_field,a_rus,t_mil_field,t_mil,t_uav_field,t_uav,t_airstrike_field,t_airstrike,t_artillery_field,t_artillery,t_property_field,t_property,t_raid_field,t_raid,target_class_auto,matched_target_terms,matched_attack_terms,representative_text,ukrainian_initiator_gate,russia_location_gate,russia_location_method,nearest_ru_distance_km,nearest_ru_geonameid,nearest_ru_name,study_period_gate,manual_review_required,candidate_status,ReviewDecisionAuto,DecisionReason,EventGate,EventGateReason,LocationEvidence,TextGeoConflict,SplitRequired,RelatedEventID,DecisionConfidence,PriorityGroup,ManualDecisionRequired
67786,20250605,1,1,2370146,unian,https://www.unian.ua/world/viyna-v-ukrajini-chomu-tramp-ne-vidreaguvav-na-udari-sbu-po-aerodromah-rf-13028913.html,693805,Simferopol,Crimea,Simferopol's'ka,34.09941,44.95363,ADM3,693805,Simferopol,Crimea,Simferopol's'ka,a_ukr_init_b,1,a_ukr_b,1,a_rus_init_b,0,a_rus_b,0,t_mil_b,1,t_uav_b,0,t_airstrike_b,0,t_artillery_b,0,t_property_b,0,t_raid_b,0,STRATEGIC_AIRBASE,аеродром,удар,"Експерт припустив, чому Трамп мовчить про удари України по аеродромах РФ та Кримському мосту",TRUE,UNCERTAIN,REVIEW_DISPUTED_CRIMEA,,,,TRUE,TRUE,REVIEW_DISPUTED_CRIMEA,DROP_NOT_EVENT,STRONG_COMMENTARY_OR_RETROSPECTIVE_CUE,FAIL,STRONG_COMMENTARY_OR_RETROSPECTIVE_CUE,CRIMEA,FALSE,FALSE,,HIGH,1_EVENT_GATE,FALSE
67828,20250628,1,1,2427790,liga,https://news.liga.net/politics/news/sputnik-nasa-zafiksiroval-bolshoi-pozhar-na-aerodrome-kirovskoe-v-krymu-posle-udara-sbu,693805,Simferopol,Crimea,Simferopol's'ka,34.09941,44.95363,ADM3,693805,Simferopol,Crimea,Simferopol's'ka,a_ukr_init_b,1,a_ukr_b,1,a_rus_init_b,0,a_rus_b,1,t_mil_b,1,t_uav_b,0,t_airstrike_b,0,t_artillery_b,0,t_property_b,1,t_raid_b,1,STRATEGIC_AIRBASE,аэродром,пожар|удар,"На аэродроме """"Кировское"""" в оккупированном Крыму случился большой пожар после удара СБУ",TRUE,UNCERTAIN,REVIEW_DISPUTED_CRIMEA,,,,TRUE,TRUE,REVIEW_DISPUTED_CRIMEA,DROP_NOT_EVENT,FOLLOWUP_EFFECT_WITHOUT_FRESH_ATTACK,FAIL,FOLLOWUP_EFFECT_WITHOUT_FRESH_ATTACK,CRIMEA,FALSE,FALSE,,HIGH,1_EVENT_GATE,FALSE
373678,20250818,1,1,2532768,pravdaua,https://www.pravda.com.ua/news/2025/08/18/7526736/,9114074,Druzhba,Donets'k,Kostiantynivs'kyi,37.91028,48.41,ADM3,9114074,Druzhba,Donets'k,Kostiantynivs'kyi,a_ukr_init_b,1,a_ukr_b,1,a_rus_init_b,0,a_rus_b,1,t_mil_b,1,t_uav_b,0,t_airstrike_b,1,t_artillery_b,1,t_property_b,0,t_raid_b,1,PIPELINE_PUMPING,Нафтопров,удар,"Нафтопровід """"Дружба"""" зупинив роботу після удару Сили оборони по станції """"Нікольське"""" в РФ.",TRUE,UNCERTAIN,REVIEW_NAME_ONLY_RU_SUPPORT,,,Druzhba,TRUE,TRUE,REVIEW_NAME_ONLY_RU_SUPPORT,DROP_NOT_EVENT,FOLLOWUP_EFFECT_WITHOUT_FRESH_ATTACK,FAIL,FOLLOWUP_EFFECT_WITHOUT_FRESH_ATTACK,EXPLICIT_RUSSIA_LOCATION_TEXT,TRUE,FALSE,,HIGH,1_EVENT_GATE,FALSE
399674,20251018,1,1,2531900,liga,https://news.liga.net/politics/news/poyavilsya-sputnikovyi-snimok-neftyanogo-terminala-v-okkupirovannoi-feodosii-posle-udarov,,,,,35.38391,45.02665,ADM3,,,,,a_ukr_init_b,1,a_ukr_b,1,a_rus_init_b,0,a_rus_b,1,t_mil_b,1,t_uav_b,1,t_airstrike_b,0,t_artillery_b,0,t_property_b,1,t_raid_b,1,FUEL_STORAGE_TERMINAL,нефтяного терминал,удар,Появился спутниковый снимок нефтяного терминала в оккупированной Феодосии после ударов,TRUE,UNCERTAIN,REVIEW_DISPUTED_CRIMEA,,,,TRUE,TRUE,REVIEW_DISPUTED_CRIMEA,DROP_NOT_EVENT,STRONG_COMMENTARY_OR_RETROSPECTIVE_CUE,FAIL,STRONG_COMMENTARY_OR_RETROSPECTIVE_CUE,CRIMEA,FALSE,FALSE,,HIGH,1_EVENT_GATE,FALSE
367108,20251107,1,1,2526580,liveuamap,https://t.me/Crimeanwind/89135,8997506,Bitumnoye,Crimea,Simferopol's'kyi,34.04148,45.0291,ADM3,8997506,Bitumnoye,Crimea,Simferopol's'kyi,a_ukr_init_b,1,a_ukr_b,1,a_rus_init_b,0,a_rus_b,0,t_mil_b,1,t_uav_b,1,t_airstrike_b,0,t_artillery_b,0,t_property_b,1,t_raid_b,0,FUEL_STORAGE_TERMINAL,нафтобаз,дрон|пожеж|удар,Повідомляється про пожежу після удару дрона на нафтобазі поблизу Сімферополя вночі,TRUE,UNCERTAIN,REVIEW_DISPUTED_CRIMEA,,,,TRUE,TRUE,REVIEW_DISPUTED_CRIMEA,DROP_NOT_EVENT,FOLLOWUP_EFFECT_WITHOUT_FRESH_ATTACK,FAIL,FOLLOWUP_EFFECT_WITHOUT_FRESH_ATTACK,CRIMEA,FALSE,FALSE,,HIGH,1_EVENT_GATE,FALSE
367109,20251108,1,1,2526717,liveuamap,https://t.me/Crimeanwind/89135,8997506,Bitumnoye,Crimea,Simferopol's'kyi,34.04148,45.0291,ADM3,8997506,Bitumnoye,Crimea,Simferopol's'kyi,a_ukr_init_b,1,a_ukr_b,1,a_rus_init_b,0,a_rus_b,0,t_mil_b,1,t_uav_b,1,t_airstrike_b,0,t_artillery_b,0,t_property_b,1,t_raid_b,0,FUEL_STORAGE_TERMINAL,нафтобаз,дрон|пожеж|удар,Повідомляється про пожежу після удару дрона на нафтобазі поблизу Сімферополя вночі,TRUE,UNCERTAIN,REVIEW_DISPUTED_CRIMEA,,,,TRUE,TRUE,REVIEW_DISPUTED_CRIMEA,DROP_NOT_EVENT,FOLLOWUP_EFFECT_WITHOUT_FRESH_ATTACK,FAIL,FOLLOWUP_EFFECT_WITHOUT_FRESH_ATTACK,CRIMEA,FALSE,FALSE,,HIGH,1_EVENT_GATE,FALSE
299997,20260301,1,1,3412474,militarnyy,https://militarnyi.com/uk/news/u-makiyivtsi-pislya-udaru-droniv-spalahnula-naftobaza/,709717,Donetsk,Donets'k,Donets'ka,37.80285,48.01588,ADM3,709717,Donetsk,Donets'k,Donets'ka,a_ukr_init_b,1,a_ukr_b,1,a_rus_init_b,0,a_rus_b,1,t_mil_b,1,t_uav_b,1,t_airstrike_b,0,t_artillery_b,0,t_property_b,1,t_raid_b,1,FUEL_STORAGE_TERMINAL,нафтобаз,атак|дрон|удар,"У Макіївці після удару дронів спалахнула нафтобаза. У тимчасово окупованій Макіївці, передмісті Донецька, після атаки дронів Сил оборони України спалахнула нафтобаза. Про це повідомив Telegram-канал Supernova+ та опублікував відео з місця події. Атака на об’єкт дронами відбулася в ніч на перш...",TRUE,UNCERTAIN,REVIEW_NAME_ONLY_RU_SUPPORT,,,Donetsk,TRUE,TRUE,REVIEW_NAME_ONLY_RU_SUPPORT,DROP_NOT_EVENT,FOLLOWUP_EFFECT_WITHOUT_FRESH_ATTACK,FAIL,FOLLOWUP_EFFECT_WITHOUT_FRESH_ATTACK,INSUFFICIENT,FALSE,FALSE,,HIGH,1_EVENT_GATE,FALSE
431627,20260408,1,1,3412772,militarnyy,https://militarnyi.com/uk/news/u-feodosiyi-zagorilasya-naftobaza-pislya-udaru-droniv/,,,,,35.38391,45.02665,ADM3,,,,,a_ukr_init_b,1,a_ukr_b,1,a_rus_init_b,0,a_rus_b,1,t_mil_b,1,t_uav_b,1,t_airstrike_b,0,t_artillery_b,0,t_property_b,0,t_raid_b,0,FUEL_STORAGE_TERMINAL,нафтобаз,безпілот|дрон|удар,"У Феодосії загорілася нафтобаза після удару дронів. У Феодосії, що у тимчасово окупованому Криму, вночі 8 квітня загорілася нафтобаза, яка забезпечує російську армію паливом. Про це повідомляють моніторингові канали «Крымский ветер» і Exilenova+. Ціллю українських безпілотників став АТ «Морсь...",TRUE,UNCERTAIN,REVIEW_DISPUTED_CRIMEA,,,,TRUE,TRUE,REVIEW_DISPUTED_CRIMEA,DROP_NOT_EVENT,FOLLOWUP_EFFECT_WITHOUT_FRESH_ATTACK,FAIL,FOLLOWUP_EFFECT_WITHOUT_FRESH_ATTACK,CRIMEA,FALSE,FALSE,,HIGH,1_EVENT_GATE,FALSE
73695,20260408,1,1,3412774,militarnyy,https://militarnyi.com/uk/news/u-feodosiyi-zagorilasya-naftobaza-pislya-udaru-droniv/,693805,Simferopol,Crimea,Simferopol's'ka,34.09941,44.95363,ADM3,693805,Simferopol,Crimea,Simferopol's'ka,a_ukr_init_b,1,a_ukr_b,1,a_rus_init_b,0,a_rus_b,1,t_mil_b,1,t_uav_b,1,t_airstrike_b,0,t_artillery_b,0,t_property_b,0,t_raid_b,0,FUEL_STORAGE_TERMINAL,нафтобаз,безпілот|дрон|удар,"У Феодосії загорілася нафтобаза після удару дронів. У Феодосії, що у тимчасово окупованому Криму, вночі 8 квітня загорілася нафтобаза, яка забезпечує російську армію паливом. Про це повідомляють моніторингові канали «Крымский ветер» і Exilenova+. Ціллю українських безпілотників став АТ «Морсь...",TRUE,UNCERTAIN,REVIEW_DISPUTED_CRIMEA,,,,TRUE,TRUE,REVIEW_DISPUTED_CRIMEA,DROP_NOT_EVENT,FOLLOWUP_EFFECT_WITHOUT_FRESH_ATTACK,FAIL,FOLLOWUP_EFFECT_WITHOUT_FRESH_ATTACK,CRIMEA,FALSE,FALSE,,HIGH,1_EVENT_GATE,FALSE
79172,20260624,1,1,3866686,nv,https://nv.ua/ukr/ukraine/events/ataka-na-pidstanciyu-sevastopolya-masshtabna-pozhezha-misto-bez-svitla-50618755.html,694423,Sevastopol,Sevastopol',Lenins'kyi,33.52291,44.60105,ADM3,694423,Sevastopol,Sevastopol',Lenins'kyi,a_ukr_init_b,1,a_ukr_b,1,a_rus_init_b,0,a_rus_b,1,t_mil_b,1,t_uav_b,0,t_airstrike_b,0,t_artillery_b,0,t_property_b,1,t_raid_b,1,ENERGY_GRID_SUPPORT,підстанц,удар,Окупований Севастополь повністю залишився без світла після ударів по головній електропідстанції,TRUE,UNCERTAIN,REVIEW_DISPUTED_CRIMEA,,,,TRUE,TRUE,REVIEW_DISPUTED_CRIMEA,DROP_NOT_EVENT,FOLLOWUP_EFFECT_WITHOUT_FRESH_ATTACK,FAIL,FOLLOWUP_EFFECT_WITHOUT_FRESH_ATTACK,CRIMEA,FALSE,FALSE,,HIGH,1_EVENT_GATE,FALSE
373693,20250822,1,1,2532920,pravdaua,https://www.pravda.com.ua/news/2025/08/22/7527313/,9114074,Druzhba,Donets'k,Kostiantynivs'kyi,37.91028,48.41,ADM3,9114074,Druzhba,Donets'k,Kostiantynivs'kyi,a_ukr_init_b,1,a_ukr_b,1,a_rus_init_b,0,a_rus_b,1,t_mil_b,1,t_uav_b,1,t_airstrike_b,0,t_artillery_b,0,t_property_b,0,t_raid_b,0,PIPELINE_PUMPING,нафтопров,атак|дрон,"Сійярто знову скаржиться, що нафтопровід """"Дружба"""" не працює. Роботу астраханського порту """"Оля"""" паралізовано вже тиждень після атаки українських дронів в ніч на 15 серпня.",TRUE,UNCERTAIN,REVIEW_NAME_ONLY_RU_SUPPORT,,,Druzhba,TRUE,TRUE,REVIEW_NAME_ONLY_RU_SUPPORT,PROMOTE_RUSSIA,RUSSIAN_REGION_LOCATION_TEXT+EVENT_GATE_UNCERTAIN,UNCERTAIN,EVENT_WORDING_NOT_DECISIVE,RUSSIAN_REGION_LOCATION_TEXT,TRUE,FALSE,,MEDIUM,2_PROMOTE_RUSSIA,TRUE
90778,20250912,1,1,2531042,liga,https://news.liga.net/politics/news/drony-sbu-porazili-klyuchevoi-eksportnyi-port-v-rossii-primorsk-istochniki,696292,Prymorsk,Zaporizhzhya,Prymors'kyi,36.36642,46.71265,ADM3,696292,Prymorsk,Zaporizhzhya,Prymors'kyi,a_ukr_init_b,1,a_ukr_b,1,a_rus_init_b,0,a_rus_b,1,t_mil_b,1,t_uav_b,1,t_airstrike_b,0,t_artillery_b,0,t_property_b,1,t_raid_b,1,PORT_EXPORT_LOGISTICS,порт,Дрон,"Дроны СБУ поразили ключевой экспортный порт в России """"Приморск"""" – источник",TRUE,UNCERTAIN,REVIEW_NAME_ONLY_RU_SUPPORT,,,Prymorsk,TRUE,TRUE,REVIEW_NAME_ONLY_RU_SUPPORT,PROMOTE_RUSSIA,EXPLICIT_RUSSIA_LOCATION_TEXT+FRESH_ATTACK,PASS,FRESH_ATTACK_WORDING,EXPLICIT_RUSSIA_LOCATION_TEXT,TRUE,FALSE,,HIGH,2_PROMOTE_RUSSIA,TRUE
416511,20260215,1,1,3412372,militarnyy,https://militarnyi.com/uk/news/drony-urazyly-port-taman/,10347886,Volna,Mykolayiv,Kazanetskyi,32.9682,47.57704,ADM3,10347886,Volna,Mykolayiv,Kazanetskyi,a_ukr_init_b,1,a_ukr_b,1,a_rus_init_b,0,a_rus_b,1,t_mil_b,1,t_uav_b,1,t_airstrike_b,0,t_artillery_b,0,t_property_b,1,t_raid_b,1,PORT_EXPORT_LOGISTICS,порт,Дрон|Удар|атак,"Дрони уразили порт Тамань. Загорівся резервуар. Ударні дрони атакували головний нафтогазовий комплекс у селищі Волна Краснодарського краю. Про атаку та її наслідки повідомив оперативний штаб регіону. ​Згідно з офіційними даними, спалахнув один із резервуарів із нафтопродуктами. Російські ...",TRUE,UNCERTAIN,REVIEW_NAME_ONLY_RU_SUPPORT,,,Volna,TRUE,TRUE,REVIEW_NAME_ONLY_RU_SUPPORT,PROMOTE_RUSSIA,RUSSIAN_REGION_LOCATION_TEXT+FRESH_ATTACK,PASS,FRESH_ATTACK_WORDING,RUSSIAN_REGION_LOCATION_TEXT,TRUE,FALSE,,HIGH,2_PROMOTE_RUSSIA,TRUE
416512,20260216,1,1,2991329,liveuamap,https://t.me/supernova_plus/48273,10347886,Volna,Mykolayiv,Kazanetskyi,32.9682,47.57704,ADM3,10347886,Volna,Mykolayiv,Kazanetskyi,a_ukr_init_b,1,a_ukr_b,1,a_rus_init_b,0,a_rus_b,0,t_mil_b,1,t_uav_b,1,t_airstrike_b,0,t_artillery_b,0,t_property_b,0,t_raid_b,0,FUEL_STORAGE_TERMINAL,нафтобаз,дрон|удар,"У селі Волна Краснодарського краю, як повідомляється, загорілася нафтобаза внаслідок удару дрона.",TRUE,UNCERTAIN,REVIEW_NAME_ONLY_RU_SUPPORT,,,Volna,TRUE,TRUE,REVIEW_NAME_ONLY_RU_SUPPORT,PROMOTE_RUSSIA,RUSSIAN_REGION_LOCATION_TEXT+EVENT_GATE_UNCERTAIN,UNCERTAIN,EVENT_WORDING_NOT_DECISIVE,RUSSIAN_REGION_LOCATION_TEXT,TRUE,FALSE,,MEDIUM,2_PROMOTE_RUSSIA,TRUE
274548,20260314,1,1,3412602,militarnyy,https://militarnyi.com/uk/news/drony-atakuvaly-port-kavkaz-u-krasnodarskomu-krayi-tse-p-yatyj-za-vantazhoobigom-port-rf/,706610,Kavkaz,Mykolayiv,Bereznehuvats'kyi,33.06957,47.28861,ADM3,706610,Kavkaz,Mykolayiv,Bereznehuvats'kyi,a_ukr_init_b,1,a_ukr_b,1,a_rus_init_b,0,a_rus_b,1,t_mil_b,1,t_uav_b,1,t_airstrike_b,0,t_artillery_b,0,t_property_b,1,t_raid_b,1,FUEL_STORAGE_TERMINAL|PORT_EXPORT_LOGISTICS,нафтобаз|порт,Дрон|Удар|атак|безпілот|пошкодж,"Дрони атакували порт «Кавказ» у Краснодарському краї: це п’ятий за вантажообігом порт РФ. Ударні дрони атакували порт «Кавказ» у Темрюкському районі Краснодарського краю, де розташована нафтобаза. Про це повідомляє Оперативный штаб – Краснодарский край. За інформацією російського джерела, через падіння уламків безпілотників пошкоджен...",TRUE,UNCERTAIN,REVIEW_NAME_ONLY_RU_SUPPORT,,,Kavkaz,TRUE,TRUE,REVIEW_NAME_ONLY_RU_SUPPORT,PROMOTE_RUSSIA,RUSSIAN_REGION_LOCATION_TEXT+FRESH_ATTACK,PASS,FRESH_ATTACK_WORDING,RUSSIAN_REGION_LOCATION_TEXT,TRUE,FALSE,,HIGH,2_PROMOTE_RUSSIA,TRUE
378387,20260316,1,1,3412618,militarnyy,https://militarnyi.com/uk/news/urazyly-naftobazu-v-misti-labinsk-na-kubani/,809452,Kuban,Luhans'k,Novopskovs'kyi,39.02962,49.65099,ADM3,809452,Kuban,Luhans'k,Novopskovs'kyi,a_ukr_init_b,1,a_ukr_b,1,a_rus_init_b,0,a_rus_b,1,t_mil_b,1,t_uav_b,1,t_airstrike_b,0,t_artillery_b,0,t_property_b,1,t_raid_b,1,FUEL_STORAGE_TERMINAL,нафтобаз,дрон|пожеж|удар,"Сили оборони України уразили нафтобазу в місті Лабінск на Кубані. Українські ударні дрони уразили нафтобазу в місті Лабінск Краснодарського краю Росії. Це підтверджує Telegram-канал «Оперативный штаб — Краснодарский край», а відео і фото опублікував Exilenova+. На кадрах видно масштабну пожежу на декількох...",TRUE,UNCERTAIN,REVIEW_COORDINATE_NEAR_RU,19.686,11682238,Balka Karayashnik,TRUE,TRUE,REVIEW_COORDINATE_NEAR_RU,PROMOTE_RUSSIA,RUSSIAN_REGION_LOCATION_TEXT+FRESH_ATTACK,PASS,FRESH_ATTACK_WORDING,RUSSIAN_REGION_LOCATION_TEXT,UNCERTAIN,FALSE,,HIGH,2_PROMOTE_RUSSIA,TRUE
403217,20260330,1,1,3267494,meduza,https://meduza.io/feature/2026/03/30/voyna,9114074,Druzhba,Donets'k,Kostiantynivs'kyi,37.91028,48.41,ADM3,9114074,Druzhba,Donets'k,Kostiantynivs'kyi,a_ukr_init_b,1,a_ukr_b,1,a_rus_init_b,0,a_rus_b,1,t_mil_b,1,t_uav_b,0,t_airstrike_b,0,t_artillery_b,1,t_property_b,1,t_raid_b,1,PIPELINE_PUMPING,нефтепровод,атак|беспилот,"По подсчетам агентства Reuters, в конце марта в России были остановлены как минимум 40% экспортных мощностей по нефти — из-за атак украинских беспилотников, задержаний российских танкеров и прерванного с января транзита по нефтепроводу «Дружба».",TRUE,UNCERTAIN,REVIEW_NAME_ONLY_RU_SUPPORT,,,Druzhba,TRUE,TRUE,REVIEW_NAME_ONLY_RU_SUPPORT,PROMOTE_RUSSIA,EXPLICIT_RUSSIA_LOCATION_TEXT+EVENT_GATE_UNCERTAIN,UNCERTAIN,EVENT_WORDING_NOT_DECISIVE,EXPLICIT_RUSSIA_LOCATION_TEXT,TRUE,FALSE,,MEDIUM,2_PROMOTE_RUSSIA,TRUE
378395,20260628,1,1,3888623,liga,https://news.liga.net/politics/news/v-rossii-atakovan-kuban-pozhar-na-npz-fiksiruyut-sputniki,809452,Kuban,Luhans'k,Novopskovs'kyi,39.02962,49.65099,ADM3,809452,Kuban,Luhans'k,Novopskovs'kyi,a_ukr_init_b,1,a_ukr_b,1,a_rus_init_b,0,a_rus_b,0,t_mil_b,1,t_uav_b,0,t_airstrike_b,0,t_artillery_b,0,t_property_b,0,t_raid_b,0,REFINING_PETROCHEM_GAS,НПЗ,атак|пожар,обновлено В России атакована Кубань – пожары на НПЗ и не только фиксируют спутники,TRUE,UNCERTAIN,REVIEW_COORDINATE_NEAR_RU,19.686,11682238,Balka Karayashnik,TRUE,TRUE,REVIEW_COORDINATE_NEAR_RU,PROMOTE_RUSSIA,EXPLICIT_RUSSIA_LOCATION_TEXT+EVENT_GATE_UNCERTAIN,UNCERTAIN,EVENT_WORDING_NOT_DECISIVE,EXPLICIT_RUSSIA_LOCATION_TEXT,UNCERTAIN,FALSE,,MEDIUM,2_PROMOTE_RUSSIA,TRUE
67742,20250516,1,1,2352103,unian,https://www.unian.ua/war/krim-pid-atakoyu-gorit-sklad-boyepripasiv-pracyuye-ppo-13009881.html,693805,Simferopol,Crimea,Simferopol's'ka,34.09941,44.95363,ADM3,693805,Simferopol,Crimea,Simferopol's'ka,a_ukr_init_b,1,a_ukr_b,1,a_rus_init_b,0,a_rus_b,1,t_mil_b,1,t_uav_b,1,t_airstrike_b,0,t_artillery_b,0,t_property_b,1,t_raid_b,1,AMMUNITION_ARSENAL|STRATEGIC_AIRBASE,аеродром|склад боєприпас,атак|вибух,"У Криму прогриміли гучні вибухи: під атакою аеродроми, палає склад боєприпасів (відео)",TRUE,UNCERTAIN,REVIEW_DISPUTED_CRIMEA,,,,TRUE,TRUE,REVIEW_DISPUTED_CRIMEA,CRIMEA_REVIEW,CRIMEA_LOCATION_CONFIRMED,UNCERTAIN,EVENT_WORDING_NOT_DECISIVE,CRIMEA,FALSE,FALSE,,HIGH,3_CRIMEA,FALSE
67966,20250901,3,2,2530828|2533247,liga|pravdaua,https://news.liga.net/politics/news/sily-spetsoperatsii-unichtozhili-radiolokatsionnuyu-stantsiyu-rossiyan-na-voennom-aerodrome-v-krymu|https://www.pravda.com.ua/news/2025/09/1/7528735/,693805,Simferopol,Crimea,Simferopol's'ka,34.09941,44.95363,ADM3,693805,Simferopol,Crimea,Simferopol's'ka,a_ukr_init_b,1,a_ukr_b,1,a_rus_init_b,0,a_rus_b,1,t_mil_b,1,t_uav_b,0,t_airstrike_b,0,t_artillery_b,0,t_property_b,1,t_raid_b,1,STRATEGIC_AIRBASE,аеродром|аэродром,знищ|уничтож,Силы спецопераций уничтожили радиолокационную станцию россиян на военном аэродроме в Крыму || ССО знищили радіолокаційну станцію ворога на військовому аеродромі в Криму.,TRUE,UNCERTAIN,REVIEW_DISPUTED_CRIMEA,,,,TRUE,TRUE,REVIEW_DISPUTED_CRIMEA,CRIMEA_REVIEW,CRIMEA_LOCATION_CONFIRMED,UNCERTAIN,EVENT_WORDING_NOT_DECISIVE,CRIMEA,FALSE,FALSE,,HIGH,3_CRIMEA,FALSE
38022,20250904,1,1,2521007,liveuamap,https://t.me/DIUkraine/6777,690764,Ukromnoye,Crimea,Simferopol's'kyi,33.98046,45.03416,ADM3,690764,Ukromnoye,Crimea,Simferopol's'kyi,a_ukr_init_b,1,a_ukr_b,1,a_rus_init_b,0,a_rus_b,1,t_mil_b,1,t_uav_b,1,t_airstrike_b,0,t_artillery_b,0,t_property_b,1,t_raid_b,1,STRATEGIC_AIRBASE,аеродром,безпілот|удар,Українська військова розвідка підтвердила удари безпілотників по гелікоптерах на аеродромі в окупованому Криму,TRUE,UNCERTAIN,REVIEW_DISPUTED_CRIMEA,,,,TRUE,TRUE,REVIEW_DISPUTED_CRIMEA,CRIMEA_REVIEW,CRIMEA_LOCATION_CONFIRMED,UNCERTAIN,EVENT_WORDING_NOT_DECISIVE,CRIMEA,FALSE,FALSE,,HIGH,3_CRIMEA,FALSE
257053,20250924,1,1,2522607,liveuamap,https://t.me/Crimeanwind/86628,707281,Kacha,Sevastopol',Nakhimovs'kyi,33.55895,44.78304,ADM3,707281,Kacha,Sevastopol',Nakhimovs'kyi,a_ukr_init_b,1,a_ukr_b,1,a_rus_init_b,0,a_rus_b,1,t_mil_b,1,t_uav_b,1,t_airstrike_b,0,t_artillery_b,0,t_property_b,0,t_raid_b,1,STRATEGIC_AIRBASE,аеродром,Дрон|атак,Дрони атакують аеродром Кача,TRUE,UNCERTAIN,REVIEW_DISPUTED_CRIMEA,,,,TRUE,TRUE,REVIEW_DISPUTED_CRIMEA,CRIMEA_REVIEW,CRIMEA_LOCATION_CONFIRMED,UNCERTAIN,EVENT_WORDING_NOT_DECISIVE,CRIMEA,FALSE,FALSE,,HIGH,3_CRIMEA,FALSE
257054,20250925,1,1,2522741,liveuamap,https://t.me/Crimeanwind/86628,707281,Kacha,Sevastopol',Nakhimovs'kyi,33.55895,44.78304,ADM3,707281,Kacha,Sevastopol',Nakhimovs'kyi,a_ukr_init_b,1,a_ukr_b,1,a_rus_init_b,0,a_rus_b,1,t_mil_b,1,t_uav_b,1,t_airstrike_b,0,t_artillery_b,0,t_property_b,0,t_raid_b,1,STRATEGIC_AIRBASE,аеродром,Дрон|атак,Дрони атакують аеродром Кача,TRUE,UNCERTAIN,REVIEW_DISPUTED_CRIMEA,,,,TRUE,TRUE,REVIEW_DISPUTED_CRIMEA,CRIMEA_REVIEW,CRIMEA_LOCATION_CONFIRMED,UNCERTAIN,EVENT_WORDING_NOT_DECISIVE,CRIMEA,FALSE,FALSE,,HIGH,3_CRIMEA,FALSE
68090,20251006,1,1,2531625,liga,https://news.liga.net/politics/news/vsu-porazili-zavod-po-proizvodstvu-vzryvchatki-v-dzerzhinske-i-neftyanoi-terminal-v-krymu,693805,Simferopol,Crimea,Simferopol's'ka,34.09941,44.95363,ADM3,693805,Simferopol,Crimea,Simferopol's'ka,a_ukr_init_b,1,a_ukr_b,1,a_rus_init_b,0,a_rus_b,1,t_mil_b,1,t_uav_b,1,t_airstrike_b,0,t_artillery_b,0,t_property_b,1,t_raid_b,0,FUEL_STORAGE_TERMINAL,нефтяной терминал,взрыв,Украина поразила завод по производству взрывчатки в Дзержинске и нефтяной терминал в Крыму,TRUE,UNCERTAIN,REVIEW_DISPUTED_CRIMEA,,,,TRUE,TRUE,REVIEW_DISPUTED_CRIMEA,CRIMEA_REVIEW,CRIMEA_LOCATION_CONFIRMED,UNCERTAIN,EVENT_WORDING_NOT_DECISIVE,CRIMEA,FALSE,FALSE,,HIGH,3_CRIMEA,FALSE
311085,20251008,2,1,2523861,liveuamap,https://t.me/GeneralStaffZSU/29899,712048,Blizhnye Kamyshi,Crimea,Feodosiis'ka,35.39314,45.06599,ADM3,712048,Blizhnye Kamyshi,Crimea,Feodosiis'ka,a_ukr_init_b,1,a_ukr_b,1,a_rus_init_b,0,a_rus_b,1,t_mil_b,1,t_uav_b,0,t_airstrike_b,0,t_artillery_b,0,t_property_b,1,t_raid_b,1,AMMUNITION_ARSENAL|FUEL_STORAGE_TERMINAL,нафтовому термінал|складу боєприпас,удар,"Генеральний штаб Збройних сил України: вночі українські Збройні сили завдали ударів по військовому заводу імені Свердлова в Дзержинську Нижегородської області Росії, нафтовому терміналу в Феодосії, окупований Крим, а також по складу боєприпасів 18-ї армії в окупованому Криму",TRUE,UNCERTAIN,REVIEW_DISPUTED_CRIMEA,,,,TRUE,TRUE,REVIEW_DISPUTED_CRIMEA,CRIMEA_REVIEW,CRIMEA_LOCATION_CONFIRMED,PASS,FRESH_ATTACK_WORDING,CRIMEA,TRUE,FALSE,,HIGH,3_CRIMEA,FALSE
311086,20251008,1,1,2523899,liveuamap,https://t.me/exilenova_plus/12882,712048,Blizhnye Kamyshi,Crimea,Feodosiis'ka,35.39151,45.06855,ADM3,712048,Blizhnye Kamyshi,Crimea,Feodosiis'ka,a_ukr_init_b,1,a_ukr_b,1,a_rus_init_b,0,a_rus_b,1,t_mil_b,1,t_uav_b,1,t_airstrike_b,0,t_artillery_b,0,t_property_b,1,t_raid_b,0,FUEL_STORAGE_TERMINAL,нафтобаз,Пожеж|атак|дрон,Пожежа на нафтобазі у Феодосії після ймовірної атаки дрона,TRUE,UNCERTAIN,REVIEW_DISPUTED_CRIMEA,,,,TRUE,TRUE,REVIEW_DISPUTED_CRIMEA,CRIMEA_REVIEW,CRIMEA_LOCATION_CONFIRMED,UNCERTAIN,EVENT_WORDING_NOT_DECISIVE,CRIMEA,FALSE,FALSE,,HIGH,3_CRIMEA,FALSE
399662,20251008,1,1,2500654,espreso,https://espreso.tv/viyna-z-rosiyeyu-pozhezha-na-naftobazi-v-feodosii-pislya-vluchannya-bpla-virue-tretiy-den-okupatsiyna-vlada-movchit-lyudi-viizhdzhayut,,,,,35.38391,45.02665,ADM3,,,,,a_ukr_init_b,1,a_ukr_b,1,a_rus_init_b,0,a_rus_b,1,t_mil_b,1,t_uav_b,0,t_airstrike_b,0,t_artillery_b,0,t_property_b,0,t_raid_b,0,FUEL_STORAGE_TERMINAL,нафтобаз,Пожеж,"Пожежа на нафтобазі в Феодосії після влучання БПЛА вирує третій день, окупаційна влада мовчить, люди виїжджають",TRUE,UNCERTAIN,REVIEW_DISPUTED_CRIMEA,,,,TRUE,TRUE,REVIEW_DISPUTED_CRIMEA,CRIMEA_REVIEW,CRIMEA_LOCATION_CONFIRMED,PASS,FRESH_ATTACK_WORDING,CRIMEA,FALSE,FALSE,,HIGH,3_CRIMEA,FALSE
68095,20251008,1,1,2523862,liveuamap,https://t.me/GeneralStaffZSU/29899,693805,Simferopol,Crimea,Simferopol's'ka,34.09941,44.95363,ADM3,693805,Simferopol,Crimea,Simferopol's'ka,a_ukr_init_b,1,a_ukr_b,1,a_rus_init_b,0,a_rus_b,1,t_mil_b,1,t_uav_b,0,t_airstrike_b,0,t_artillery_b,0,t_property_b,1,t_raid_b,1,AMMUNITION_ARSENAL|FUEL_STORAGE_TERMINAL,нафтовому термінал|складу боєприпас,удар,"Генеральний штаб Збройних сил України: вночі українські Збройні сили завдали ударів по військовому заводу імені Свердлова в Дзержинську Нижегородської області Росії, нафтовому терміналу в Феодосії, окупований Крим, а також по складу боєприпасів 18-ї армії в окупованому Криму",TRUE,UNCERTAIN,REVIEW_DISPUTED_CRIMEA,,,,TRUE,TRUE,REVIEW_DISPUTED_CRIMEA,CRIMEA_REVIEW,CRIMEA_LOCATION_CONFIRMED,PASS,FRESH_ATTACK_WORDING,CRIMEA,TRUE,FALSE,,HIGH,3_CRIMEA,FALSE
311087,20251009,2,1,2524041,liveuamap,https://t.me/GeneralStaffZSU/29899,712048,Blizhnye Kamyshi,Crimea,Feodosiis'ka,35.39314,45.06599,ADM3,712048,Blizhnye Kamyshi,Crimea,Feodosiis'ka,a_ukr_init_b,1,a_ukr_b,1,a_rus_init_b,0,a_rus_b,1,t_mil_b,1,t_uav_b,0,t_airstrike_b,0,t_artillery_b,0,t_property_b,1,t_raid_b,1,AMMUNITION_ARSENAL|FUEL_STORAGE_TERMINAL,нафтовому термінал|складу боєприпас,удар,"Генеральний штаб Збройних сил України: вночі українські Збройні сили завдали ударів по військовому заводу імені Свердлова в Дзержинську Нижегородської області Росії, нафтовому терміналу в Феодосії, окупований Крим, а також по складу боєприпасів 18-ї армії в окупованому Криму",TRUE,UNCERTAIN,REVIEW_DISPUTED_CRIMEA,,,,TRUE,TRUE,REVIEW_DISPUTED_CRIMEA,CRIMEA_REVIEW,CRIMEA_LOCATION_CONFIRMED,PASS,FRESH_ATTACK_WORDING,CRIMEA,TRUE,FALSE,,HIGH,3_CRIMEA,FALSE
311088,20251009,1,1,2524078,liveuamap,https://t.me/exilenova_plus/12882,712048,Blizhnye Kamyshi,Crimea,Feodosiis'ka,35.39151,45.06855,ADM3,712048,Blizhnye Kamyshi,Crimea,Feodosiis'ka,a_ukr_init_b,1,a_ukr_b,1,a_rus_init_b,0,a_rus_b,1,t_mil_b,1,t_uav_b,1,t_airstrike_b,0,t_artillery_b,0,t_property_b,1,t_raid_b,0,FUEL_STORAGE_TERMINAL,нафтобаз,Пожеж|атак|дрон,Пожежа на нафтобазі у Феодосії після ймовірної атаки дрона,TRUE,UNCERTAIN,REVIEW_DISPUTED_CRIMEA,,,,TRUE,TRUE,REVIEW_DISPUTED_CRIMEA,CRIMEA_REVIEW,CRIMEA_LOCATION_CONFIRMED,UNCERTAIN,EVENT_WORDING_NOT_DECISIVE,CRIMEA,FALSE,FALSE,,HIGH,3_CRIMEA,FALSE
68097,20251009,1,1,2524042,liveuamap,https://t.me/GeneralStaffZSU/29899,693805,Simferopol,Crimea,Simferopol's'ka,34.09941,44.95363,ADM3,693805,Simferopol,Crimea,Simferopol's'ka,a_ukr_init_b,1,a_ukr_b,1,a_rus_init_b,0,a_rus_b,1,t_mil_b,1,t_uav_b,0,t_airstrike_b,0,t_artillery_b,0,t_property_b,1,t_raid_b,1,AMMUNITION_ARSENAL|FUEL_STORAGE_TERMINAL,нафтовому термінал|складу боєприпас,удар,"Генеральний штаб Збройних сил України: вночі українські Збройні сили завдали ударів по військовому заводу імені Свердлова в Дзержинську Нижегородської області Росії, нафтовому терміналу в Феодосії, окупований Крим, а також по складу боєприпасів 18-ї армії в окупованому Криму",TRUE,UNCERTAIN,REVIEW_DISPUTED_CRIMEA,,,,TRUE,TRUE,REVIEW_DISPUTED_CRIMEA,CRIMEA_REVIEW,CRIMEA_LOCATION_CONFIRMED,PASS,FRESH_ATTACK_WORDING,CRIMEA,TRUE,FALSE,,HIGH,3_CRIMEA,FALSE
399666,20251013,1,1,2502421,unian,https://www.unian.ua/war/feodosiya-naftobaza-znovu-gorit-pislya-ataki-bezpilotnikiv-13160697.html,,,,,35.38391,45.02665,ADM3,,,,,a_ukr_init_b,1,a_ukr_b,1,a_rus_init_b,0,a_rus_b,1,t_mil_b,1,t_uav_b,1,t_airstrike_b,0,t_artillery_b,0,t_property_b,1,t_raid_b,0,FUEL_STORAGE_TERMINAL,нафтобаз,атак|дрон,"Вдруге за тиждень: у Феодосії потужно палає нафтобаза після атаки дронів (фото, відео)",TRUE,UNCERTAIN,REVIEW_DISPUTED_CRIMEA,,,,TRUE,TRUE,REVIEW_DISPUTED_CRIMEA,CRIMEA_REVIEW,CRIMEA_LOCATION_CONFIRMED,UNCERTAIN,EVENT_WORDING_NOT_DECISIVE,CRIMEA,FALSE,FALSE,,HIGH,3_CRIMEA,FALSE
311093,20251015,1,1,2524600,liveuamap,https://t.me/Crimeanwind/87826,712050,Blizhneye,Crimea,Feodosiis'ka,35.31581,45.07612,ADM3,712050,Blizhneye,Crimea,Feodosiis'ka,a_ukr_init_b,1,a_ukr_b,1,a_rus_init_b,0,a_rus_b,1,t_mil_b,1,t_uav_b,1,t_airstrike_b,0,t_artillery_b,0,t_property_b,1,t_raid_b,1,ENERGY_GRID_SUPPORT|FUEL_STORAGE_TERMINAL,нафтобаз|підстанц,Дрон|атак,Дрони атакували кілька підстанцій та нафтобазу в окупованому Криму,TRUE,UNCERTAIN,REVIEW_DISPUTED_CRIMEA,,,,TRUE,TRUE,REVIEW_DISPUTED_CRIMEA,CRIMEA_REVIEW,CRIMEA_LOCATION_CONFIRMED,PASS,FRESH_ATTACK_WORDING,CRIMEA,FALSE,FALSE,,HIGH,3_CRIMEA,FALSE
399670,20251015,1,1,2531842,liga,https://news.liga.net/politics/news/podtverzhden-udar-po-neftetebaze-v-feodosii-povrezhdeny-16-rezervuarov-pozhar-prodolzhaetsya,,,,,35.38391,45.02665,ADM3,,,,,a_ukr_init_b,1,a_ukr_b,1,a_rus_init_b,0,a_rus_b,1,t_mil_b,1,t_uav_b,0,t_airstrike_b,0,t_artillery_b,0,t_property_b,1,t_raid_b,1,FUEL_STORAGE_TERMINAL,нефтебаз,поврежд|пожар|удар,"Подтвержден удар по нефтебазе в Феодосии: повреждены 16 резервуаров, пожар продолжается",TRUE,UNCERTAIN,REVIEW_DISPUTED_CRIMEA,,,,TRUE,TRUE,REVIEW_DISPUTED_CRIMEA,CRIMEA_REVIEW,CRIMEA_LOCATION_CONFIRMED,UNCERTAIN,EVENT_WORDING_NOT_DECISIVE,CRIMEA,FALSE,FALSE,,HIGH,3_CRIMEA,FALSE
311094,20251016,1,1,2524751,liveuamap,https://t.me/Crimeanwind/87826,712050,Blizhneye,Crimea,Feodosiis'ka,35.31581,45.07612,ADM3,712050,Blizhneye,Crimea,Feodosiis'ka,a_ukr_init_b,1,a_ukr_b,1,a_rus_init_b,0,a_rus_b,1,t_mil_b,1,t_uav_b,1,t_airstrike_b,0,t_artillery_b,0,t_property_b,1,t_raid_b,1,ENERGY_GRID_SUPPORT|FUEL_STORAGE_TERMINAL,нафтобаз|підстанц,Дрон|атак,Дрони атакували кілька підстанцій та нафтобазу в окупованому Криму,TRUE,UNCERTAIN,REVIEW_DISPUTED_CRIMEA,,,,TRUE,TRUE,REVIEW_DISPUTED_CRIMEA,CRIMEA_REVIEW,CRIMEA_LOCATION_CONFIRMED,PASS,FRESH_ATTACK_WORDING,CRIMEA,FALSE,FALSE,,HIGH,3_CRIMEA,FALSE
68110,20251017,1,1,2531886,liga,https://news.liga.net/politics/news/v-krymu-pereboi-so-svetom-povrezhdeny-elektropodstantsii-gorit-i-neftebaza-video,693805,Simferopol,Crimea,Simferopol's'ka,34.09941,44.95363,ADM3,693805,Simferopol,Crimea,Simferopol's'ka,a_ukr_init_b,1,a_ukr_b,1,a_rus_init_b,0,a_rus_b,0,t_mil_b,1,t_uav_b,0,t_airstrike_b,0,t_artillery_b,0,t_property_b,1,t_raid_b,0,ENERGY_GRID_SUPPORT|FUEL_STORAGE_TERMINAL,нефтебаз|подстанц,поврежд,В Крыму перебои со светом – повреждены электроподстанции. Горит и нефтебаза – видео,TRUE,UNCERTAIN,REVIEW_DISPUTED_CRIMEA,,,,TRUE,TRUE,REVIEW_DISPUTED_CRIMEA,CRIMEA_REVIEW,CRIMEA_LOCATION_CONFIRMED,UNCERTAIN,EVENT_WORDING_NOT_DECISIVE,CRIMEA,FALSE,FALSE,,HIGH,3_CRIMEA,FALSE
68112,20251017,1,1,2503786,unian,https://www.unian.ua/war/v-krimu-progrimili-vibuhi-shcho-vidomo-video-13165512.html,693805,Simferopol,Crimea,Simferopol's'ka,34.09941,44.95363,ADM3,693805,Simferopol,Crimea,Simferopol's'ka,a_ukr_init_b,1,a_ukr_b,1,a_rus_init_b,0,a_rus_b,1,t_mil_b,1,t_uav_b,1,t_airstrike_b,0,t_artillery_b,0,t_property_b,1,t_raid_b,1,FUEL_STORAGE_TERMINAL,нафтобаз,вибух,"В Криму прогриміли вибухи: палає нафтобаза, видно стовпи диму (відео)",TRUE,UNCERTAIN,REVIEW_DISPUTED_CRIMEA,,,,TRUE,TRUE,REVIEW_DISPUTED_CRIMEA,CRIMEA_REVIEW,CRIMEA_LOCATION_CONFIRMED,UNCERTAIN,EVENT_WORDING_NOT_DECISIVE,CRIMEA,FALSE,FALSE,,HIGH,3_CRIMEA,FALSE
359208,20251019,1,1,2525026,liveuamap,https://t.me/zaporizka_sish/84234,7037622,Kar'yernoye,Crimea,Saks'kyi,33.60053,45.2965,ADM3,7037622,Kar'yernoye,Crimea,Saks'kyi,a_ukr_init_b,1,a_ukr_b,1,a_rus_init_b,0,a_rus_b,1,t_mil_b,1,t_uav_b,1,t_airstrike_b,0,t_artillery_b,0,t_property_b,0,t_raid_b,1,FUEL_STORAGE_TERMINAL,нафтобаз,дрон|удар,Сили спеціальних операцій підтвердили удари дронами FP-2 по нафтобазі та ФДКУ комбіната Гвардійський в Криму,TRUE,UNCERTAIN,REVIEW_DISPUTED_CRIMEA,,,,TRUE,TRUE,REVIEW_DISPUTED_CRIMEA,CRIMEA_REVIEW,CRIMEA_LOCATION_CONFIRMED,UNCERTAIN,EVENT_WORDING_NOT_DECISIVE,CRIMEA,FALSE,FALSE,,HIGH,3_CRIMEA,FALSE
359209,20251020,1,1,2525149,liveuamap,https://t.me/zaporizka_sish/84234,7037622,Kar'yernoye,Crimea,Saks'kyi,33.60053,45.2965,ADM3,7037622,Kar'yernoye,Crimea,Saks'kyi,a_ukr_init_b,1,a_ukr_b,1,a_rus_init_b,0,a_rus_b,1,t_mil_b,1,t_uav_b,1,t_airstrike_b,0,t_artillery_b,0,t_property_b,0,t_raid_b,1,FUEL_STORAGE_TERMINAL,нафтобаз,дрон|удар,Сили спеціальних операцій підтвердили удари дронами FP-2 по нафтобазі та ФДКУ комбіната Гвардійський в Криму,TRUE,UNCERTAIN,REVIEW_DISPUTED_CRIMEA,,,,TRUE,TRUE,REVIEW_DISPUTED_CRIMEA,CRIMEA_REVIEW,CRIMEA_LOCATION_CONFIRMED,UNCERTAIN,EVENT_WORDING_NOT_DECISIVE,CRIMEA,FALSE,FALSE,,HIGH,3_CRIMEA,FALSE
68123,20251022,1,1,2505811,unian,https://www.unian.ua/war/poki-ne-syadut-na-guzhoviy-transport-pletenchuk-rozpoviv-pro-udari-po-naftobazah-v-krimu-13171140.html,693805,Simferopol,Crimea,Simferopol's'ka,34.09941,44.95363,ADM3,693805,Simferopol,Crimea,Simferopol's'ka,a_ukr_init_b,1,a_ukr_b,1,a_rus_init_b,0,a_rus_b,1,t_mil_b,1,t_uav_b,0,t_airstrike_b,0,t_artillery_b,0,t_property_b,1,t_raid_b,1,FUEL_STORAGE_TERMINAL,нафтобаз,удар,Поки не пересядуть на віслюків: Плетенчук розповів про удари по нафтобазах в Криму,TRUE,UNCERTAIN,REVIEW_DISPUTED_CRIMEA,,,,TRUE,TRUE,REVIEW_DISPUTED_CRIMEA,CRIMEA_REVIEW,CRIMEA_LOCATION_CONFIRMED,UNCERTAIN,EVENT_WORDING_NOT_DECISIVE,CRIMEA,FALSE,FALSE,,HIGH,3_CRIMEA,FALSE
68137,20251029,2,1,2532099,liga,https://news.liga.net/politics/news/drony-sbu-porazili-v-krymu-dve-neftebazy-i-protivovozdushnuyu-oboronu-rossiyan-istochnik,693805,Simferopol,Crimea,Simferopol's'ka,34.09941,44.95363,ADM3,693805,Simferopol,Crimea,Simferopol's'ka,a_ukr_init_b,1,a_ukr_b,1,a_rus_init_b,0,a_rus_b,1,t_mil_b,1,t_uav_b,1,t_airstrike_b,0,t_artillery_b,0,t_property_b,1,t_raid_b,1,FUEL_STORAGE_TERMINAL,нефтебаз,Дрон,Дроны СБУ поразили в Крыму две нефтебазы и противовоздушную оборону россиян – источник,TRUE,UNCERTAIN,REVIEW_DISPUTED_CRIMEA,,,,TRUE,TRUE,REVIEW_DISPUTED_CRIMEA,CRIMEA_REVIEW,CRIMEA_LOCATION_CONFIRMED,PASS,FRESH_ATTACK_WORDING,CRIMEA,FALSE,FALSE,,HIGH,3_CRIMEA,FALSE
262330,20251030,1,1,2525929,liveuamap,https://t.me/supernova_plus/44933,707777,Hvardiiske,Crimea,Simferopol's'kyi,34.02912,45.11653,ADM3,707777,Hvardiiske,Crimea,Simferopol's'kyi,a_ukr_init_b,1,a_ukr_b,1,a_rus_init_b,0,a_rus_b,1,t_mil_b,1,t_uav_b,0,t_airstrike_b,0,t_artillery_b,0,t_property_b,1,t_raid_b,0,FUEL_STORAGE_TERMINAL,нафтобаз,вибух,Дим піднімається на нафтобазі під Сімферополем після вибухів,TRUE,UNCERTAIN,REVIEW_DISPUTED_CRIMEA,,,,TRUE,TRUE,REVIEW_DISPUTED_CRIMEA,CRIMEA_REVIEW,CRIMEA_LOCATION_CONFIRMED,UNCERTAIN,EVENT_WORDING_NOT_DECISIVE,CRIMEA,FALSE,FALSE,,HIGH,3_CRIMEA,FALSE
262331,20251030,1,1,2525927,liveuamap,https://t.me/supernova_plus/44936,707777,Hvardiiske,Crimea,Simferopol's'kyi,34.02946,45.11663,ADM3,707777,Hvardiiske,Crimea,Simferopol's'kyi,a_ukr_init_b,1,a_ukr_b,1,a_rus_init_b,0,a_rus_b,1,t_mil_b,1,t_uav_b,1,t_airstrike_b,0,t_artillery_b,0,t_property_b,1,t_raid_b,1,FUEL_STORAGE_TERMINAL,нафтобаз,Дрон|атак,Дрони атакували нафтобазу в Гвардійському під Сімферополем,TRUE,UNCERTAIN,REVIEW_DISPUTED_CRIMEA,,,,TRUE,TRUE,REVIEW_DISPUTED_CRIMEA,CRIMEA_REVIEW,CRIMEA_LOCATION_CONFIRMED,PASS,FRESH_ATTACK_WORDING,CRIMEA,FALSE,FALSE,,HIGH,3_CRIMEA,FALSE
68139,20251030,1,1,2525928,liveuamap,https://t.me/supernova_plus/44936,693805,Simferopol,Crimea,Simferopol's'ka,34.09941,44.95363,ADM3,693805,Simferopol,Crimea,Simferopol's'ka,a_ukr_init_b,1,a_ukr_b,1,a_rus_init_b,0,a_rus_b,1,t_mil_b,1,t_uav_b,1,t_airstrike_b,0,t_artillery_b,0,t_property_b,1,t_raid_b,1,FUEL_STORAGE_TERMINAL,нафтобаз,Дрон|атак,Дрони атакували нафтобазу в Гвардійському під Сімферополем,TRUE,UNCERTAIN,REVIEW_DISPUTED_CRIMEA,,,,TRUE,TRUE,REVIEW_DISPUTED_CRIMEA,CRIMEA_REVIEW,CRIMEA_LOCATION_CONFIRMED,PASS,FRESH_ATTACK_WORDING,CRIMEA,FALSE,FALSE,,HIGH,3_CRIMEA,FALSE
262332,20251031,1,1,2526095,liveuamap,https://t.me/supernova_plus/44933,707777,Hvardiiske,Crimea,Simferopol's'kyi,34.02912,45.11653,ADM3,707777,Hvardiiske,Crimea,Simferopol's'kyi,a_ukr_init_b,1,a_ukr_b,1,a_rus_init_b,0,a_rus_b,1,t_mil_b,1,t_uav_b,0,t_airstrike_b,0,t_artillery_b,0,t_property_b,1,t_raid_b,0,FUEL_STORAGE_TERMINAL,нафтобаз,вибух,Дим піднімається на нафтобазі під Сімферополем після вибухів,TRUE,UNCERTAIN,REVIEW_DISPUTED_CRIMEA,,,,TRUE,TRUE,REVIEW_DISPUTED_CRIMEA,CRIMEA_REVIEW,CRIMEA_LOCATION_CONFIRMED,UNCERTAIN,EVENT_WORDING_NOT_DECISIVE,CRIMEA,FALSE,FALSE,,HIGH,3_CRIMEA,FALSE
262333,20251031,1,1,2526093,liveuamap,https://t.me/supernova_plus/44936,707777,Hvardiiske,Crimea,Simferopol's'kyi,34.02946,45.11663,ADM3,707777,Hvardiiske,Crimea,Simferopol's'kyi,a_ukr_init_b,1,a_ukr_b,1,a_rus_init_b,0,a_rus_b,1,t_mil_b,1,t_uav_b,1,t_airstrike_b,0,t_artillery_b,0,t_property_b,1,t_raid_b,1,FUEL_STORAGE_TERMINAL,нафтобаз,Дрон|атак,Дрони атакували нафтобазу в Гвардійському під Сімферополем,TRUE,UNCERTAIN,REVIEW_DISPUTED_CRIMEA,,,,TRUE,TRUE,REVIEW_DISPUTED_CRIMEA,CRIMEA_REVIEW,CRIMEA_LOCATION_CONFIRMED,PASS,FRESH_ATTACK_WORDING,CRIMEA,FALSE,FALSE,,HIGH,3_CRIMEA,FALSE
68140,20251031,1,1,2526094,liveuamap,https://t.me/supernova_plus/44936,693805,Simferopol,Crimea,Simferopol's'ka,34.09941,44.95363,ADM3,693805,Simferopol,Crimea,Simferopol's'ka,a_ukr_init_b,1,a_ukr_b,1,a_rus_init_b,0,a_rus_b,1,t_mil_b,1,t_uav_b,1,t_airstrike_b,0,t_artillery_b,0,t_property_b,1,t_raid_b,1,FUEL_STORAGE_TERMINAL,нафтобаз,Дрон|атак,Дрони атакували нафтобазу в Гвардійському під Сімферополем,TRUE,UNCERTAIN,REVIEW_DISPUTED_CRIMEA,,,,TRUE,TRUE,REVIEW_DISPUTED_CRIMEA,CRIMEA_REVIEW,CRIMEA_LOCATION_CONFIRMED,PASS,FRESH_ATTACK_WORDING,CRIMEA,FALSE,FALSE,,HIGH,3_CRIMEA,FALSE
370294,20251107,1,1,2526585,liveuamap,https://t.me/GeneralStaffZSU/31116,9113069,Spartak,Donets'k,Iasynuvats'kyi,37.74862,48.07473,ADM3,9113069,Spartak,Donets'k,Iasynuvats'kyi,a_ukr_init_b,1,a_ukr_b,1,a_rus_init_b,0,a_rus_b,1,t_mil_b,1,t_uav_b,1,t_airstrike_b,0,t_artillery_b,0,t_property_b,1,t_raid_b,1,FUEL_STORAGE_TERMINAL|REFINING_PETROCHEM_GAS,нафтобаз|нафтоперероб,безпілот|удар,"Генеральний штаб Збройних сил України повідомляє про військові удари по базі безпілотників типу Шахед на території Донецького аеропорту, Волгоградському нафтопереробному заводу та нафтобазам у Гвардійському та Сімферополі в окупованому Криму",TRUE,UNCERTAIN,REVIEW_NAME_ONLY_RU_SUPPORT,,,Spartak,TRUE,TRUE,REVIEW_NAME_ONLY_RU_SUPPORT,CRIMEA_REVIEW,CRIMEA_LOCATION_CONFIRMED,UNCERTAIN,EVENT_WORDING_NOT_DECISIVE,CRIMEA,FALSE,FALSE,,HIGH,3_CRIMEA,FALSE
68147,20251107,1,1,2526586,liveuamap,https://t.me/GeneralStaffZSU/31116,693805,Simferopol,Crimea,Simferopol's'ka,34.09941,44.95363,ADM3,693805,Simferopol,Crimea,Simferopol's'ka,a_ukr_init_b,1,a_ukr_b,1,a_rus_init_b,0,a_rus_b,1,t_mil_b,1,t_uav_b,1,t_airstrike_b,0,t_artillery_b,0,t_property_b,1,t_raid_b,1,FUEL_STORAGE_TERMINAL|REFINING_PETROCHEM_GAS,нафтобаз|нафтоперероб,безпілот|удар,"Генеральний штаб Збройних сил України повідомляє про військові удари по базі безпілотників типу Шахед на території Донецького аеропорту, Волгоградському нафтопереробному заводу та нафтобазам у Гвардійському та Сімферополі в окупованому Криму",TRUE,UNCERTAIN,REVIEW_DISPUTED_CRIMEA,,,,TRUE,TRUE,REVIEW_DISPUTED_CRIMEA,CRIMEA_REVIEW,CRIMEA_LOCATION_CONFIRMED,UNCERTAIN,EVENT_WORDING_NOT_DECISIVE,CRIMEA,FALSE,FALSE,,HIGH,3_CRIMEA,FALSE
370295,20251108,1,1,2526722,liveuamap,https://t.me/GeneralStaffZSU/31116,9113069,Spartak,Donets'k,Iasynuvats'kyi,37.74862,48.07473,ADM3,9113069,Spartak,Donets'k,Iasynuvats'kyi,a_ukr_init_b,1,a_ukr_b,1,a_rus_init_b,0,a_rus_b,1,t_mil_b,1,t_uav_b,1,t_airstrike_b,0,t_artillery_b,0,t_property_b,1,t_raid_b,1,FUEL_STORAGE_TERMINAL|REFINING_PETROCHEM_GAS,нафтобаз|нафтоперероб,безпілот|удар,"Генеральний штаб Збройних сил України повідомляє про військові удари по базі безпілотників типу Шахед на території Донецького аеропорту, Волгоградському нафтопереробному заводу та нафтобазам у Гвардійському та Сімферополі в окупованому Криму",TRUE,UNCERTAIN,REVIEW_NAME_ONLY_RU_SUPPORT,,,Spartak,TRUE,TRUE,REVIEW_NAME_ONLY_RU_SUPPORT,CRIMEA_REVIEW,CRIMEA_LOCATION_CONFIRMED,UNCERTAIN,EVENT_WORDING_NOT_DECISIVE,CRIMEA,FALSE,FALSE,,HIGH,3_CRIMEA,FALSE
68150,20251108,1,1,2526723,liveuamap,https://t.me/GeneralStaffZSU/31116,693805,Simferopol,Crimea,Simferopol's'ka,34.09941,44.95363,ADM3,693805,Simferopol,Crimea,Simferopol's'ka,a_ukr_init_b,1,a_ukr_b,1,a_rus_init_b,0,a_rus_b,1,t_mil_b,1,t_uav_b,1,t_airstrike_b,0,t_artillery_b,0,t_property_b,1,t_raid_b,1,FUEL_STORAGE_TERMINAL|REFINING_PETROCHEM_GAS,нафтобаз|нафтоперероб,безпілот|удар,"Генеральний штаб Збройних сил України повідомляє про військові удари по базі безпілотників типу Шахед на території Донецького аеропорту, Волгоградському нафтопереробному заводу та нафтобазам у Гвардійському та Сімферополі в окупованому Криму",TRUE,UNCERTAIN,REVIEW_DISPUTED_CRIMEA,,,,TRUE,TRUE,REVIEW_DISPUTED_CRIMEA,CRIMEA_REVIEW,CRIMEA_LOCATION_CONFIRMED,UNCERTAIN,EVENT_WORDING_NOT_DECISIVE,CRIMEA,FALSE,FALSE,,HIGH,3_CRIMEA,FALSE
359210,20251111,1,1,2526982,liveuamap,https://t.me/ukrpravda_news/70577,7037622,Kar'yernoye,Crimea,Saks'kyi,33.59685,45.29693,ADM3,7037622,Kar'yernoye,Crimea,Saks'kyi,a_ukr_init_b,1,a_ukr_b,1,a_rus_init_b,0,a_rus_b,1,t_mil_b,1,t_uav_b,1,t_airstrike_b,0,t_artillery_b,0,t_property_b,1,t_raid_b,1,FUEL_STORAGE_TERMINAL,нафтобаз,Дрон|атак,Дрони атакували нафтобазу Гвадрійська в окупованому Криму,TRUE,UNCERTAIN,REVIEW_DISPUTED_CRIMEA,,,,TRUE,TRUE,REVIEW_DISPUTED_CRIMEA,CRIMEA_REVIEW,CRIMEA_LOCATION_CONFIRMED,PASS,FRESH_ATTACK_WORDING,CRIMEA,FALSE,FALSE,,HIGH,3_CRIMEA,FALSE
359211,20251112,1,1,2527090,liveuamap,https://t.me/ukrpravda_news/70577,7037622,Kar'yernoye,Crimea,Saks'kyi,33.59685,45.29693,ADM3,7037622,Kar'yernoye,Crimea,Saks'kyi,a_ukr_init_b,1,a_ukr_b,1,a_rus_init_b,0,a_rus_b,1,t_mil_b,1,t_uav_b,1,t_airstrike_b,0,t_artillery_b,0,t_property_b,1,t_raid_b,1,FUEL_STORAGE_TERMINAL,нафтобаз,Дрон|атак,Дрони атакували нафтобазу Гвадрійська в окупованому Криму,TRUE,UNCERTAIN,REVIEW_DISPUTED_CRIMEA,,,,TRUE,TRUE,REVIEW_DISPUTED_CRIMEA,CRIMEA_REVIEW,CRIMEA_LOCATION_CONFIRMED,PASS,FRESH_ATTACK_WORDING,CRIMEA,FALSE,FALSE,,HIGH,3_CRIMEA,FALSE
199366,20251122,1,1,2527907,liveuamap,https://t.me/supernova_plus/45686,704362,Yany Kapu,Crimea,Krasnoperekops'kyi,33.79287,45.96866,ADM2,704362,Yany Kapu,Crimea,Krasnoperekops'kyi,a_ukr_init_b,1,a_ukr_b,1,a_rus_init_b,0,a_rus_b,1,t_mil_b,1,t_uav_b,1,t_airstrike_b,0,t_artillery_b,0,t_property_b,1,t_raid_b,1,ENERGY_GRID_SUPPORT,підстанц,Дрон|атак,"Дрони атакували підстанцію в Красноперекопську, окупований Крим",TRUE,UNCERTAIN,REVIEW_DISPUTED_CRIMEA,,,,TRUE,TRUE,REVIEW_DISPUTED_CRIMEA,CRIMEA_REVIEW,CRIMEA_LOCATION_CONFIRMED,PASS,FRESH_ATTACK_WORDING,CRIMEA,FALSE,FALSE,,HIGH,3_CRIMEA,FALSE
199367,20251123,1,1,2528037,liveuamap,https://t.me/supernova_plus/45686,704362,Yany Kapu,Crimea,Krasnoperekops'kyi,33.79287,45.96866,ADM2,704362,Yany Kapu,Crimea,Krasnoperekops'kyi,a_ukr_init_b,1,a_ukr_b,1,a_rus_init_b,0,a_rus_b,1,t_mil_b,1,t_uav_b,1,t_airstrike_b,0,t_artillery_b,0,t_property_b,1,t_raid_b,1,ENERGY_GRID_SUPPORT,підстанц,Дрон|атак,"Дрони атакували підстанцію в Красноперекопську, окупований Крим",TRUE,UNCERTAIN,REVIEW_DISPUTED_CRIMEA,,,,TRUE,TRUE,REVIEW_DISPUTED_CRIMEA,CRIMEA_REVIEW,CRIMEA_LOCATION_CONFIRMED,PASS,FRESH_ATTACK_WORDING,CRIMEA,FALSE,FALSE,,HIGH,3_CRIMEA,FALSE
149721,20251222,1,1,2659945,liveuamap,https://t.me/SBUkr/16448,702463,Liubymivka,Sevastopol',Nakhimovs'kyi,33.56495,44.68914,ADM3,702463,Liubymivka,Sevastopol',Nakhimovs'kyi,a_ukr_init_b,1,a_ukr_b,1,a_rus_init_b,0,a_rus_b,0,t_mil_b,1,t_uav_b,0,t_airstrike_b,0,t_artillery_b,0,t_property_b,0,t_raid_b,0,STRATEGIC_AIRBASE,аеродром,Дрон,Дрони Служби безпеки України вразили 2 винищувачі Су-27 на аеродромі Бельбек,TRUE,UNCERTAIN,REVIEW_DISPUTED_CRIMEA,,,,TRUE,TRUE,REVIEW_DISPUTED_CRIMEA,CRIMEA_REVIEW,CRIMEA_LOCATION_CONFIRMED,UNCERTAIN,EVENT_WORDING_NOT_DECISIVE,CRIMEA,FALSE,FALSE,,HIGH,3_CRIMEA,FALSE
284786,20260108,2,1,3412146,militarnyy,https://militarnyi.com/uk/news/sso-urazyly-vorozhyj-eshelon-z-palyvom-bilya-naftobazy-gvardijske-u-krymu/,707777,Hvardiiske,Crimea,Simferopol's'kyi,34.0239,45.11573,ADM3,707777,Hvardiiske,Crimea,Simferopol's'kyi,a_ukr_init_b,1,a_ukr_b,1,a_rus_init_b,0,a_rus_b,1,t_mil_b,1,t_uav_b,0,t_airstrike_b,0,t_artillery_b,0,t_property_b,0,t_raid_b,1,FUEL_STORAGE_TERMINAL,нафтобаз,Удар,ССО уразили ворожий ешелон з паливом біля нафтобази «Гвардійське» у Криму. ССО України уразили ешелон з паливно-мастильними матеріалами на наливній естакаді нафтобази «Гвардійське» у тимчасово окупованому українському Криму. Про це повідомив Генеральний штаб Збройних Сил України. Удар було завдано з метою порушення...,TRUE,UNCERTAIN,REVIEW_DISPUTED_CRIMEA,,,,TRUE,TRUE,REVIEW_DISPUTED_CRIMEA,CRIMEA_REVIEW,CRIMEA_LOCATION_CONFIRMED,PASS,FRESH_ATTACK_WORDING,CRIMEA,FALSE,FALSE,,HIGH,3_CRIMEA,FALSE
73472,20260108,2,1,3412147,militarnyy,https://militarnyi.com/uk/news/sso-urazyly-vorozhyj-eshelon-z-palyvom-bilya-naftobazy-gvardijske-u-krymu/,693805,Simferopol,Crimea,Simferopol's'ka,34.09941,44.95363,ADM3,693805,Simferopol,Crimea,Simferopol's'ka,a_ukr_init_b,1,a_ukr_b,1,a_rus_init_b,0,a_rus_b,1,t_mil_b,1,t_uav_b,0,t_airstrike_b,0,t_artillery_b,0,t_property_b,0,t_raid_b,1,FUEL_STORAGE_TERMINAL,нафтобаз,Удар,ССО уразили ворожий ешелон з паливом біля нафтобази «Гвардійське» у Криму. ССО України уразили ешелон з паливно-мастильними матеріалами на наливній естакаді нафтобази «Гвардійське» у тимчасово окупованому українському Криму. Про це повідомив Генеральний штаб Збройних Сил України. Удар було завдано з метою порушення...,TRUE,UNCERTAIN,REVIEW_DISPUTED_CRIMEA,,,,TRUE,TRUE,REVIEW_DISPUTED_CRIMEA,CRIMEA_REVIEW,CRIMEA_LOCATION_CONFIRMED,PASS,FRESH_ATTACK_WORDING,CRIMEA,FALSE,FALSE,,HIGH,3_CRIMEA,FALSE
73481,20260114,2,1,3412178,militarnyy,https://militarnyi.com/uk/news/suputnyk-pidtverdyv-urazhennya-skladu-boyeprypasiv-v-okupovanomu-krymu-na-pochatku-sichnya/,693805,Simferopol,Crimea,Simferopol's'ka,34.09941,44.95363,ADM3,693805,Simferopol,Crimea,Simferopol's'ka,a_ukr_init_b,1,a_ukr_b,1,a_rus_init_b,0,a_rus_b,1,t_mil_b,1,t_uav_b,1,t_airstrike_b,0,t_artillery_b,0,t_property_b,1,t_raid_b,1,AMMUNITION_ARSENAL,складу боєприпасів в окупованому Криму на початку січня. Супутникові знімки підтвердили ураження дронами СБС російського складу боєприпас,дрон,"Супутник підтвердив ураження складу боєприпасів в окупованому Криму на початку січня. Супутникові знімки підтвердили ураження дронами СБС російського складу боєприпасів у тимчасово окупованому Криму, яке відбулося на початку 2026 року. Про це повідомили аналітики проєкту Dnipro Osint та оприлюднили відповідні зображення. На з...",TRUE,UNCERTAIN,REVIEW_DISPUTED_CRIMEA,,,,TRUE,TRUE,REVIEW_DISPUTED_CRIMEA,CRIMEA_REVIEW,CRIMEA_LOCATION_CONFIRMED,UNCERTAIN,EVENT_WORDING_NOT_DECISIVE,CRIMEA,FALSE,FALSE,,HIGH,3_CRIMEA,FALSE
431584,20260128,1,1,3424377,pravdaua,https://www.pravda.com.ua/news/2026/01/28/8018263/,,,,,35.38391,45.02665,ADM3,,,,,a_ukr_init_b,1,a_ukr_b,1,a_rus_init_b,0,a_rus_b,1,t_mil_b,1,t_uav_b,1,t_airstrike_b,0,t_artillery_b,0,t_property_b,1,t_raid_b,1,FUEL_STORAGE_TERMINAL|PORT_EXPORT_LOGISTICS,нафтобаз|порт,атак|дрон,Фото У Феодосії дрони атакували місцевий порт та нафтобазу – ЗМІ.,TRUE,UNCERTAIN,REVIEW_DISPUTED_CRIMEA,,,,TRUE,TRUE,REVIEW_DISPUTED_CRIMEA,CRIMEA_REVIEW,CRIMEA_LOCATION_CONFIRMED,PASS,FRESH_ATTACK_WORDING,CRIMEA,FALSE,FALSE,,HIGH,3_CRIMEA,FALSE
73508,20260131,1,1,3412280,militarnyy,https://militarnyi.com/uk/news/syly-oborony-dvichi-uspishno-atakuvaly-klyuchovu-pidstantsiyu-zahidnokrymska-u-2025-rotsi/,693805,Simferopol,Crimea,Simferopol's'ka,34.09941,44.95363,ADM3,693805,Simferopol,Crimea,Simferopol's'ka,a_ukr_init_b,1,a_ukr_b,1,a_rus_init_b,1,a_rus_b,1,t_mil_b,1,t_uav_b,0,t_airstrike_b,0,t_artillery_b,0,t_property_b,0,t_raid_b,0,ENERGY_GRID_SUPPORT,підстанц,атак,Сили оборони двічі успішно атакували ключову підстанцію «Західнокримська» у 2025 році. Сили оборони України у 2025 році двічі успішно атакували ключову підстанцію 330 кВ «Західнокримська» в тимчасово окупованому Криму. Про це повідомляє ресурс DeepState відповідно до аналізу супутникових знімків. Перше ураження цієї підстанції від...,TRUE,UNCERTAIN,REVIEW_DISPUTED_CRIMEA,,,,TRUE,TRUE,REVIEW_DISPUTED_CRIMEA,CRIMEA_REVIEW,CRIMEA_LOCATION_CONFIRMED,UNCERTAIN,EVENT_WORDING_NOT_DECISIVE,CRIMEA,FALSE,FALSE,,HIGH,3_CRIMEA,FALSE
73521,20260213,1,1,3424931,pravdaua,https://www.pravda.com.ua/news/2026/02/13/8020851/,693805,Simferopol,Crimea,Simferopol's'ka,34.09941,44.95363,ADM3,693805,Simferopol,Crimea,Simferopol's'ka,a_ukr_init_b,1,a_ukr_b,1,a_rus_init_b,0,a_rus_b,1,t_mil_b,1,t_uav_b,1,t_airstrike_b,0,t_artillery_b,0,t_property_b,1,t_raid_b,1,STRATEGIC_AIRBASE,аеродром,безпілот,відео Сили безпілотних систем уразили військовий аеродром у Криму і ще кілька об'єктів ворога.,TRUE,UNCERTAIN,REVIEW_DISPUTED_CRIMEA,,,,TRUE,TRUE,REVIEW_DISPUTED_CRIMEA,CRIMEA_REVIEW,CRIMEA_LOCATION_CONFIRMED,PASS,FRESH_ATTACK_WORDING,CRIMEA,FALSE,FALSE,,HIGH,3_CRIMEA,FALSE
73532,20260217,1,1,3003797,liga,https://news.liga.net/politics/news/genshtab-podtverdil-udar-po-npz-na-kubani-porazhen-i-vertolet-ka-27-v-krymu,693805,Simferopol,Crimea,Simferopol's'ka,34.09941,44.95363,ADM3,693805,Simferopol,Crimea,Simferopol's'ka,a_ukr_init_b,1,a_ukr_b,1,a_rus_init_b,0,a_rus_b,1,t_mil_b,1,t_uav_b,0,t_airstrike_b,1,t_artillery_b,0,t_property_b,1,t_raid_b,0,REFINING_PETROCHEM_GAS,НПЗ,удар,Генштаб подтвердил удар по НПЗ на Кубани. Поражен и вертолет Ка-27 в Крыму,TRUE,UNCERTAIN,REVIEW_DISPUTED_CRIMEA,,,,TRUE,TRUE,REVIEW_DISPUTED_CRIMEA,CRIMEA_REVIEW,CRIMEA_LOCATION_CONFIRMED,UNCERTAIN,EVENT_WORDING_NOT_DECISIVE,CRIMEA,FALSE,FALSE,,HIGH,3_CRIMEA,FALSE
73542,20260220,1,1,3425097,pravdaua,https://www.pravda.com.ua/news/2026/02/20/8021868/,693805,Simferopol,Crimea,Simferopol's'ka,34.09941,44.95363,ADM3,693805,Simferopol,Crimea,Simferopol's'ka,a_ukr_init_b,1,a_ukr_b,1,a_rus_init_b,0,a_rus_b,1,t_mil_b,1,t_uav_b,1,t_airstrike_b,0,t_artillery_b,0,t_property_b,1,t_raid_b,1,STRATEGIC_AIRBASE,аеродром,атак|дрон|удар,Відео Крим атакували дрони: під удар могли потрапити військові аеродроми.,TRUE,UNCERTAIN,REVIEW_DISPUTED_CRIMEA,,,,TRUE,TRUE,REVIEW_DISPUTED_CRIMEA,CRIMEA_REVIEW,CRIMEA_LOCATION_CONFIRMED,PASS,FRESH_ATTACK_WORDING,CRIMEA,FALSE,FALSE,,HIGH,3_CRIMEA,FALSE
73583,20260306,1,1,3412511,militarnyy,https://militarnyi.com/uk/news/u-krymu-sbu-urazyla-iranskyj-dron-mohajer-6-ta-systemy-pantsyr-s2/,693805,Simferopol,Crimea,Simferopol's'ka,34.09941,44.95363,ADM3,693805,Simferopol,Crimea,Simferopol's'ka,a_ukr_init_b,1,a_ukr_b,1,a_rus_init_b,0,a_rus_b,1,t_mil_b,1,t_uav_b,1,t_airstrike_b,0,t_artillery_b,0,t_property_b,1,t_raid_b,1,STRATEGIC_AIRBASE,авіабаз,Безпілот|дрон,У Криму СБУ уразила іранський дрон Mohajer-6 та системи “Панцирь-С2”. Дрони Центру спецоперацій «Альфа» СБУ в ніч проти 6 березня вдарили по авіаремонтному заводу та авіабазі в Криму. Про це повідомили джерела видання «Бабель» у спецслужбі. Безпілотники СБУ влучили у виробничі цехи Євпаторійського авіаремонтного з...,TRUE,UNCERTAIN,REVIEW_DISPUTED_CRIMEA,,,,TRUE,TRUE,REVIEW_DISPUTED_CRIMEA,CRIMEA_REVIEW,CRIMEA_LOCATION_CONFIRMED,PASS,FRESH_ATTACK_WORDING,CRIMEA,FALSE,FALSE,,HIGH,3_CRIMEA,FALSE
79101,20260311,1,1,3412576,militarnyy,https://militarnyi.com/uk/news/sso-za-pidtrymky-ruhu-oporu-urazyly-rls-u-sevastopoli-ta-arsenal-na-donechchyni/,694423,Sevastopol,Sevastopol',Lenins'kyi,33.52291,44.60105,ADM3,694423,Sevastopol,Sevastopol',Lenins'kyi,a_ukr_init_b,1,a_ukr_b,1,a_rus_init_b,0,a_rus_b,1,t_mil_b,1,t_uav_b,1,t_airstrike_b,0,t_artillery_b,0,t_property_b,1,t_raid_b,1,AMMUNITION_ARSENAL,арсенал|склад боєприпас,дрон|удар,ССО за підтримки Руху опору уразили РЛС у Севастополі та арсенал на Донеччині. Оператори Сил спеціальних операцій ЗСУ за підтримки Руху опору ударними дронами уразили російську РЛС у тимчасово окупованому Севастополі та склад боєприпасів на Донеччині. Про це повідомили у Командуванні Сил спеціальних операцій та оприлюднил...,TRUE,UNCERTAIN,REVIEW_DISPUTED_CRIMEA,,,,TRUE,TRUE,REVIEW_DISPUTED_CRIMEA,CRIMEA_REVIEW,CRIMEA_LOCATION_CONFIRMED,PASS,FRESH_ATTACK_WORDING,CRIMEA,FALSE,FALSE,,HIGH,3_CRIMEA,FALSE
73616,20260316,1,1,3412624,militarnyy,https://militarnyi.com/uk/news/sso-zsu-urazyly-aerodrom-u-krymu-ta-bazu-z-tehnikoyu-okupantiv-na-zaporizhzhi/,693805,Simferopol,Crimea,Simferopol's'ka,34.09941,44.95363,ADM3,693805,Simferopol,Crimea,Simferopol's'ka,a_ukr_init_b,1,a_ukr_b,1,a_rus_init_b,0,a_rus_b,1,t_mil_b,1,t_uav_b,0,t_airstrike_b,0,t_artillery_b,0,t_property_b,1,t_raid_b,1,STRATEGIC_AIRBASE,аеродром,strike|удар,ССО ЗСУ уразили аеродром у Криму та базу з технікою окупантів на Запоріжжі. Підрозділи Middle-strike Сил спеціальних операцій ЗСУ протягом трьох днів провели серію ударів по військових об’єктах російських сил на тимчасово окупованих територіях Криму та Запорізької області. У результаті операції уразили кілька об’єктів ...,TRUE,UNCERTAIN,REVIEW_DISPUTED_CRIMEA,,,,TRUE,TRUE,REVIEW_DISPUTED_CRIMEA,CRIMEA_REVIEW,CRIMEA_LOCATION_CONFIRMED,PASS,FRESH_ATTACK_WORDING,CRIMEA,FALSE,FALSE,,HIGH,3_CRIMEA,FALSE
73674,20260402,2,1,3412735,militarnyy,https://militarnyi.com/uk/news/an-72p-rosiyan-znyshhyly-ukrayinski-syly-u-krymu/,693805,Simferopol,Crimea,Simferopol's'ka,34.09941,44.95363,ADM3,693805,Simferopol,Crimea,Simferopol's'ka,a_ukr_init_b,1,a_ukr_b,1,a_rus_init_b,0,a_rus_b,1,t_mil_b,1,t_uav_b,1,t_airstrike_b,0,t_artillery_b,0,t_property_b,0,t_raid_b,1,STRATEGIC_AIRBASE,аеродром,безпілот|дрон,"Ан-72П уразили українські дрони у Криму. Українським силам у Криму вдалося долетіти до аеродрому та уразити літак Ан-72П Бойову операцію провели в ніч на 2 квітня сили 1-го окремого центру безпілотних систем і 9-го департаменту ГУР, повідомив командувач СБС Роберт «Мадяр» Бровді. Л...",TRUE,UNCERTAIN,REVIEW_DISPUTED_CRIMEA,,,,TRUE,TRUE,REVIEW_DISPUTED_CRIMEA,CRIMEA_REVIEW,CRIMEA_LOCATION_CONFIRMED,PASS,FRESH_ATTACK_WORDING,CRIMEA,FALSE,FALSE,,HIGH,3_CRIMEA,FALSE
73700,20260409,1,1,3412786,militarnyy,https://militarnyi.com/uk/news/drony-urazyly-pidstantsiyu-na-naftoperekachuvalnij-stantsiyi-krymskaya-v-krasnodarskomu-krayi/,693805,Simferopol,Crimea,Simferopol's'ka,34.09941,44.95363,ADM3,693805,Simferopol,Crimea,Simferopol's'ka,a_ukr_init_b,1,a_ukr_b,1,a_rus_init_b,0,a_rus_b,1,t_mil_b,1,t_uav_b,1,t_airstrike_b,0,t_artillery_b,0,t_property_b,1,t_raid_b,0,ENERGY_GRID_SUPPORT,підстанц,Дрон|удар,"Дрони уразили підстанцію на нафтоперекачувальній станції «Крымская» в Краснодарському краї. Українські ударні дрони в ніч на 9 квітня уразили електропідстанцію на території російської нафтоперекачувальної станції «Крымская» в Краснодарському краї. Про це повідомляє Astra, проаналізувавши відео з місця події. Жителі міста Кримськ, п...",TRUE,UNCERTAIN,REVIEW_DISPUTED_CRIMEA,,,,TRUE,TRUE,REVIEW_DISPUTED_CRIMEA,CRIMEA_REVIEW,CRIMEA_LOCATION_CONFIRMED,PASS,FRESH_ATTACK_WORDING,CRIMEA,TRUE,FALSE,,HIGH,3_CRIMEA,FALSE
378388,20260411,1,1,3336365,espreso,https://espreso.tv/ekonomika-u-rosii-droni-atakuvali-naftobazu-u-tveri-ta-naftostantsiyu-krimska-na-kubani,809452,Kuban,Luhans'k,Novopskovs'kyi,39.02962,49.65099,ADM3,809452,Kuban,Luhans'k,Novopskovs'kyi,a_ukr_init_b,1,a_ukr_b,1,a_rus_init_b,0,a_rus_b,1,t_mil_b,1,t_uav_b,0,t_airstrike_b,0,t_artillery_b,0,t_property_b,1,t_raid_b,1,FUEL_STORAGE_TERMINAL,нафтобаз,атак|дрон,"У Росії дрони атакували нафтобазу у Твері та нафтостанцію """"Кримська"""" на Кубані",TRUE,UNCERTAIN,REVIEW_COORDINATE_NEAR_RU,19.686,11682238,Balka Karayashnik,TRUE,TRUE,REVIEW_COORDINATE_NEAR_RU,CRIMEA_REVIEW,CRIMEA_LOCATION_CONFIRMED,PASS,FRESH_ATTACK_WORDING,CRIMEA,UNCERTAIN,FALSE,,HIGH,3_CRIMEA,FALSE
73703,20260411,1,1,3336364,espreso,https://espreso.tv/ekonomika-u-rosii-droni-atakuvali-naftobazu-u-tveri-ta-naftostantsiyu-krimska-na-kubani,693805,Simferopol,Crimea,Simferopol's'ka,34.09941,44.95363,ADM3,693805,Simferopol,Crimea,Simferopol's'ka,a_ukr_init_b,1,a_ukr_b,1,a_rus_init_b,0,a_rus_b,1,t_mil_b,1,t_uav_b,0,t_airstrike_b,0,t_artillery_b,0,t_property_b,1,t_raid_b,1,FUEL_STORAGE_TERMINAL,нафтобаз,атак|дрон,"У Росії дрони атакували нафтобазу у Твері та нафтостанцію """"Кримська"""" на Кубані",TRUE,UNCERTAIN,REVIEW_DISPUTED_CRIMEA,,,,TRUE,TRUE,REVIEW_DISPUTED_CRIMEA,CRIMEA_REVIEW,CRIMEA_LOCATION_CONFIRMED,PASS,FRESH_ATTACK_WORDING,CRIMEA,TRUE,FALSE,,HIGH,3_CRIMEA,FALSE
79112,20260418,2,2,3412842|3412996,militarnyy|nv,https://militarnyi.com/uk/news/drony-atakuvaly-naftobazu-v-tymchasovo-okupovanomu-sevastopoli/|https://nv.ua/ukr/ukraine/events/sevastopol-atakuvali-bpla-vinikli-pozhezhi-u-portu-ta-na-naftobazi-foto-50601143.html,694423,Sevastopol,Sevastopol',Lenins'kyi,33.52291,44.60105,ADM3,694423,Sevastopol,Sevastopol',Lenins'kyi,a_ukr_init_b,1,a_ukr_b,1,a_rus_init_b,0,a_rus_b,1,t_mil_b,1,t_uav_b,1,t_airstrike_b,0,t_artillery_b,0,t_property_b,1,t_raid_b,1,FUEL_STORAGE_TERMINAL,нафтобаз,Дрон|атак|дрон,Дрони атакували нафтобазу в тимчасово окупованому Севастополі. У тимчасово окупованому Севастополі палає нафтобаза внаслідок атаки дронів Сил оборони України. Про це повідомляє телеграм-канал «ЧП / Севастополь». Атака на об'єкт відбулася близько 2-ї години ночі. Місцеві жителі повідомляли про потужні ви... || У Севастополі після нічної атаки дронами загорілася нафтобаза — відео,TRUE,UNCERTAIN,REVIEW_DISPUTED_CRIMEA,,,,TRUE,TRUE,REVIEW_DISPUTED_CRIMEA,CRIMEA_REVIEW,CRIMEA_LOCATION_CONFIRMED,PASS,FRESH_ATTACK_WORDING,CRIMEA,FALSE,FALSE,,HIGH,3_CRIMEA,FALSE
73795,20260517,1,1,3610721,militarnyy,https://militarnyi.com/uk/news/sbu-z-sylamy-oborony-urazyl-aerodrom-belbek/,693805,Simferopol,Crimea,Simferopol's'ka,34.09941,44.95363,ADM3,693805,Simferopol,Crimea,Simferopol's'ka,a_ukr_init_b,1,a_ukr_b,1,a_rus_init_b,0,a_rus_b,0,t_mil_b,0,t_uav_b,0,t_airstrike_b,0,t_artillery_b,0,t_property_b,0,t_raid_b,0,STRATEGIC_AIRBASE,аеродром,удар,СБУ та Сили оборони уразили засоби ППО на аеродромі «Бельбек» у Криму. Фахівці Центру спецоперацій «Альфа» Служби безпеки України (СБУ) спільно із Силами оборони України уразили інфраструктуру та засоби ППО на військовому аеродромі «Бельбек» у Криму. Про це повідомила пресслужба СБУ. Під удар потрапили модерніз...,TRUE,UNCERTAIN,REVIEW_DISPUTED_CRIMEA,,,,TRUE,TRUE,REVIEW_DISPUTED_CRIMEA,CRIMEA_REVIEW,CRIMEA_LOCATION_CONFIRMED,PASS,FRESH_ATTACK_WORDING,CRIMEA,FALSE,FALSE,,HIGH,3_CRIMEA,FALSE
73971,20260611,2,1,3777289,unian,https://www.unian.ua/war/viyna-v-ukrajini-genshtab-zsu-prozvituvav-shchodo-nichnih-udariv-po-agresoru-13409622.html,693805,Simferopol,Crimea,Simferopol's'ka,34.09941,44.95363,ADM3,693805,Simferopol,Crimea,Simferopol's'ka,a_ukr_init_b,1,a_ukr_b,1,a_rus_init_b,0,a_rus_b,1,t_mil_b,1,t_uav_b,1,t_airstrike_b,0,t_artillery_b,0,t_property_b,1,t_raid_b,1,REFINING_PETROCHEM_GAS,НПЗ,дрон|удар,Афіпський НПЗ і база морських дронів: Генштаб розкрив деталі нічних ударів по РФ і Криму,TRUE,UNCERTAIN,REVIEW_DISPUTED_CRIMEA,,,,TRUE,TRUE,REVIEW_DISPUTED_CRIMEA,CRIMEA_REVIEW,CRIMEA_LOCATION_CONFIRMED,UNCERTAIN,EVENT_WORDING_NOT_DECISIVE,CRIMEA,FALSE,FALSE,,HIGH,3_CRIMEA,FALSE
74237,20260628,1,1,3894586,nv,https://nv.ua/ukr/ukraine/events/sili-oboroni-urazili-mosti-ta-naftopererobni-zavodi-v-rf-genshtab-povidomiv-detali-50619930.html,693805,Simferopol,Crimea,Simferopol's'ka,34.09941,44.95363,ADM3,693805,Simferopol,Crimea,Simferopol's'ka,a_ukr_init_b,1,a_ukr_b,1,a_rus_init_b,0,a_rus_b,1,t_mil_b,1,t_uav_b,1,t_airstrike_b,0,t_artillery_b,0,t_property_b,1,t_raid_b,0,REFINING_PETROCHEM_GAS,НПЗ,удар,"Генштаб заявив, що уражено міст у Криму і два НПЗ в РФ, і розповів про результати удару Фламінго по Волгограду",TRUE,UNCERTAIN,REVIEW_DISPUTED_CRIMEA,,,,TRUE,TRUE,REVIEW_DISPUTED_CRIMEA,CRIMEA_REVIEW,CRIMEA_LOCATION_CONFIRMED,UNCERTAIN,EVENT_WORDING_NOT_DECISIVE,CRIMEA,TRUE,FALSE,,HIGH,3_CRIMEA,FALSE
373644,20250312,1,1,2284786,liveuamap,https://t.me/rentv_news/170964,9114074,Druzhba,Donets'k,Kostiantynivs'kyi,37.91028,48.41,ADM3,9114074,Druzhba,Donets'k,Kostiantynivs'kyi,a_ukr_init_b,1,a_ukr_b,0,a_rus_init_b,0,a_rus_b,1,t_mil_b,1,t_uav_b,1,t_airstrike_b,0,t_artillery_b,0,t_property_b,1,t_raid_b,0,PIPELINE_PUMPING,нафтопров,атак|безпілот,"Постачання нафти з Росії до Угорщини призупинено через атаку українського безпілотника на вимірювальну станцію нафтопроводу """"""""Дружба"""""""", - заявив міністр закордонних справ Угорщини Петер Сійярто.",TRUE,UNCERTAIN,REVIEW_NAME_ONLY_RU_SUPPORT,,,Druzhba,TRUE,TRUE,REVIEW_NAME_ONLY_RU_SUPPORT,UNRESOLVED,NO_DECISIVE_RUSSIA_PROPER_LOCATION_EVIDENCE,UNCERTAIN,EVENT_WORDING_NOT_DECISIVE,INSUFFICIENT,FALSE,FALSE,,LOW,4_UNRESOLVED,TRUE
373677,20250818,1,1,2530603,liga,https://news.liga.net/politics/news/udar-vsu-polnostyu-ostanovil-nefteprovod-druzhba-genshtab,9114074,Druzhba,Donets'k,Kostiantynivs'kyi,37.91028,48.41,ADM3,9114074,Druzhba,Donets'k,Kostiantynivs'kyi,a_ukr_init_b,1,a_ukr_b,1,a_rus_init_b,0,a_rus_b,1,t_mil_b,1,t_uav_b,0,t_airstrike_b,0,t_artillery_b,0,t_property_b,1,t_raid_b,0,PIPELINE_PUMPING,нефтепровод,удар,"Украинский удар полностью остановил нефтепровод """"Дружба"""" – Генштаб",TRUE,UNCERTAIN,REVIEW_NAME_ONLY_RU_SUPPORT,,,Druzhba,TRUE,TRUE,REVIEW_NAME_ONLY_RU_SUPPORT,UNRESOLVED,NO_DECISIVE_RUSSIA_PROPER_LOCATION_EVIDENCE,UNCERTAIN,EVENT_WORDING_NOT_DECISIVE,INSUFFICIENT,FALSE,FALSE,,LOW,4_UNRESOLVED,TRUE
373735,20250909,1,1,2521400,liveuamap,https://t.me/operativnoZSU/191221,9114074,Druzhba,Donets'k,Kostiantynivs'kyi,37.91028,48.41,ADM3,9114074,Druzhba,Donets'k,Kostiantynivs'kyi,a_ukr_init_b,1,a_ukr_b,1,a_rus_init_b,0,a_rus_b,1,t_mil_b,1,t_uav_b,1,t_airstrike_b,0,t_artillery_b,0,t_property_b,1,t_raid_b,1,PIPELINE_PUMPING,нафтопров,Дрон|атак,Дрони атакували нафтоперекачувальну станцію нафтопроводу Дружба в Найтоповичах Брянської області,TRUE,UNCERTAIN,REVIEW_NAME_ONLY_RU_SUPPORT,,,Druzhba,TRUE,TRUE,REVIEW_NAME_ONLY_RU_SUPPORT,UNRESOLVED,NO_DECISIVE_RUSSIA_PROPER_LOCATION_EVIDENCE,PASS,FRESH_ATTACK_WORDING,INSUFFICIENT,FALSE,FALSE,,LOW,4_UNRESOLVED,TRUE
373736,20250910,1,1,2521538,liveuamap,https://t.me/operativnoZSU/191221,9114074,Druzhba,Donets'k,Kostiantynivs'kyi,37.91028,48.41,ADM3,9114074,Druzhba,Donets'k,Kostiantynivs'kyi,a_ukr_init_b,1,a_ukr_b,1,a_rus_init_b,0,a_rus_b,1,t_mil_b,1,t_uav_b,1,t_airstrike_b,0,t_artillery_b,0,t_property_b,1,t_raid_b,1,PIPELINE_PUMPING,нафтопров,Дрон|атак,Дрони атакували нафтоперекачувальну станцію нафтопроводу Дружба в Найтоповичах Брянської області,TRUE,UNCERTAIN,REVIEW_NAME_ONLY_RU_SUPPORT,,,Druzhba,TRUE,TRUE,REVIEW_NAME_ONLY_RU_SUPPORT,UNRESOLVED,NO_DECISIVE_RUSSIA_PROPER_LOCATION_EVIDENCE,PASS,FRESH_ATTACK_WORDING,INSUFFICIENT,FALSE,FALSE,,LOW,4_UNRESOLVED,TRUE
271096,20251003,1,1,2523380,liveuamap,https://t.me/exilenova_plus/12761,709717,Donetsk,Donets'k,Donets'ka,37.78748,48.00343,ADM1,709717,Donetsk,Donets'k,Donets'ka,a_ukr_init_b,1,a_ukr_b,1,a_rus_init_b,0,a_rus_b,1,t_mil_b,1,t_uav_b,1,t_airstrike_b,0,t_artillery_b,0,t_property_b,1,t_raid_b,1,AMMUNITION_ARSENAL,складу боєприпас,безпілот|вибух|удар,У Донецьку повідомляється про вибухи внаслідок удару безпілотника по складу боєприпасів,TRUE,UNCERTAIN,REVIEW_NAME_ONLY_RU_SUPPORT,,,Donetsk,TRUE,TRUE,REVIEW_NAME_ONLY_RU_SUPPORT,UNRESOLVED,NO_DECISIVE_RUSSIA_PROPER_LOCATION_EVIDENCE,UNCERTAIN,EVENT_WORDING_NOT_DECISIVE,INSUFFICIENT,FALSE,FALSE,,LOW,4_UNRESOLVED,TRUE
271097,20251004,1,1,2523511,liveuamap,https://t.me/exilenova_plus/12761,709717,Donetsk,Donets'k,Donets'ka,37.78748,48.00343,ADM1,709717,Donetsk,Donets'k,Donets'ka,a_ukr_init_b,1,a_ukr_b,1,a_rus_init_b,0,a_rus_b,1,t_mil_b,1,t_uav_b,1,t_airstrike_b,0,t_artillery_b,0,t_property_b,1,t_raid_b,1,AMMUNITION_ARSENAL,складу боєприпас,безпілот|вибух|удар,У Донецьку повідомляється про вибухи внаслідок удару безпілотника по складу боєприпасів,TRUE,UNCERTAIN,REVIEW_NAME_ONLY_RU_SUPPORT,,,Donetsk,TRUE,TRUE,REVIEW_NAME_ONLY_RU_SUPPORT,UNRESOLVED,NO_DECISIVE_RUSSIA_PROPER_LOCATION_EVIDENCE,UNCERTAIN,EVENT_WORDING_NOT_DECISIVE,INSUFFICIENT,FALSE,FALSE,,LOW,4_UNRESOLVED,TRUE
155798,20260113,1,1,2793920,espreso,https://espreso.tv/viyna-z-rosiyeyu-droni-sbs-zanurili-mariupol-u-blekaut-ta-urazili-vorozhiy-sklad-boepripasiv-u-makiivtsi,701822,Mariupol,Donets'k,Mariupol's'ka,37.54144,47.0967,ADM3,701822,Mariupol,Donets'k,Mariupol's'ka,a_ukr_init_b,1,a_ukr_b,1,a_rus_init_b,0,a_rus_b,1,t_mil_b,1,t_uav_b,1,t_airstrike_b,0,t_artillery_b,0,t_property_b,1,t_raid_b,1,AMMUNITION_ARSENAL,склад боєприпас,Дрон,"Дрони СБС занурили Маріуполь у """"блекаут"""" та уразили ворожий склад боєприпасів у Макіївці",TRUE,UNCERTAIN,REVIEW_NAME_ONLY_RU_SUPPORT,,,Mariupol,TRUE,TRUE,REVIEW_NAME_ONLY_RU_SUPPORT,UNRESOLVED,NO_DECISIVE_RUSSIA_PROPER_LOCATION_EVIDENCE,PASS,FRESH_ATTACK_WORDING,INSUFFICIENT,FALSE,FALSE,,LOW,4_UNRESOLVED,TRUE
155799,20260113,1,1,2794174,liga,https://news.liga.net/politics/video/sily-bespilotnyh-sistem-udarili-po-podstantsii-v-mariupole-v-gorode-byl-blekaut-video,701822,Mariupol,Donets'k,Mariupol's'ka,37.54144,47.0967,ADM3,701822,Mariupol,Donets'k,Mariupol's'ka,a_ukr_init_b,1,a_ukr_b,1,a_rus_init_b,0,a_rus_b,1,t_mil_b,1,t_uav_b,1,t_airstrike_b,0,t_artillery_b,1,t_property_b,1,t_raid_b,0,ENERGY_GRID_SUPPORT,подстанц,беспилот|удар,"Силы беспилотных систем ударили по подстанции в Мариуполе, в городе был блэкаут: видео",TRUE,UNCERTAIN,REVIEW_NAME_ONLY_RU_SUPPORT,,,Mariupol,TRUE,TRUE,REVIEW_NAME_ONLY_RU_SUPPORT,UNRESOLVED,NO_DECISIVE_RUSSIA_PROPER_LOCATION_EVIDENCE,UNCERTAIN,EVENT_WORDING_NOT_DECISIVE,INSUFFICIENT,FALSE,FALSE,,LOW,4_UNRESOLVED,TRUE
155803,20260117,1,1,2813203,liveuamap,https://t.me/supernova_plus/47447,701822,Mariupol,Donets'k,Mariupol's'ka,37.54144,47.0967,ADM3,701822,Mariupol,Donets'k,Mariupol's'ka,a_ukr_init_b,1,a_ukr_b,1,a_rus_init_b,0,a_rus_b,1,t_mil_b,1,t_uav_b,1,t_airstrike_b,0,t_artillery_b,0,t_property_b,1,t_raid_b,0,ENERGY_GRID_SUPPORT,підстанц,Пожеж|дрон|удар,Пожежа на підстанції Азовська в Маріуполі сталася внаслідок удару дрона,TRUE,UNCERTAIN,REVIEW_NAME_ONLY_RU_SUPPORT,,,Mariupol,TRUE,TRUE,REVIEW_NAME_ONLY_RU_SUPPORT,UNRESOLVED,NO_DECISIVE_RUSSIA_PROPER_LOCATION_EVIDENCE,UNCERTAIN,EVENT_WORDING_NOT_DECISIVE,INSUFFICIENT,FALSE,FALSE,,LOW,4_UNRESOLVED,TRUE
299982,20260203,1,1,3412299,militarnyy,https://militarnyi.com/uk/news/sso-dronamy-urazyly-sklady-boyeprypasiv-rosiyan-u-zaporizkij-ta-donetskij-oblastyah/,709717,Donetsk,Donets'k,Donets'ka,37.80285,48.01588,ADM3,709717,Donetsk,Donets'k,Donets'ka,a_ukr_init_b,1,a_ukr_b,1,a_rus_init_b,0,a_rus_b,1,t_mil_b,1,t_uav_b,1,t_airstrike_b,0,t_artillery_b,0,t_property_b,1,t_raid_b,1,AMMUNITION_ARSENAL,склади боєприпасів росіян у Запорізькій та Донецькій областях . Воїни ССО України уразили склади боєприпас,дрон|удар,"ССО дронами уразили склади боєприпасів росіян у Запорізькій та Донецькій областях . Воїни ССО України уразили склади боєприпасів російських окупантів у Запорізькій та Донецькій областях за допомогою дронів FP-2. Про це повідомили у Командуванні Сил спеціальних операцій. Окрім того, під удар потрапив особовий склад загарбник...",TRUE,UNCERTAIN,REVIEW_NAME_ONLY_RU_SUPPORT,,,Donetsk,TRUE,TRUE,REVIEW_NAME_ONLY_RU_SUPPORT,UNRESOLVED,NO_DECISIVE_RUSSIA_PROPER_LOCATION_EVIDENCE,PASS,FRESH_ATTACK_WORDING,INSUFFICIENT,FALSE,FALSE,,LOW,4_UNRESOLVED,TRUE
406025,20260213,1,1,2984717,unian,https://www.unian.ua/war/noviy-rekord-ukrajinski-droni-vdarili-po-npz-za-1750-km-vid-kordonu-bi-13284993.html,9114542,Novyi,Luhans'k,Krasnoluts'ka,38.59081,48.49995,ADM3,9114542,Novyi,Luhans'k,Krasnoluts'ka,a_ukr_init_b,1,a_ukr_b,1,a_rus_init_b,0,a_rus_b,1,t_mil_b,1,t_uav_b,1,t_airstrike_b,0,t_artillery_b,0,t_property_b,0,t_raid_b,0,REFINING_PETROCHEM_GAS,НПЗ,дрон,"Новий рекорд: українські дрони вдарили по НПЗ за 1750 км від кордону, - BI",TRUE,UNCERTAIN,REVIEW_NAME_ONLY_RU_SUPPORT,,,Novyi,TRUE,TRUE,REVIEW_NAME_ONLY_RU_SUPPORT,UNRESOLVED,NO_DECISIVE_RUSSIA_PROPER_LOCATION_EVIDENCE,UNCERTAIN,EVENT_WORDING_NOT_DECISIVE,INSUFFICIENT,FALSE,FALSE,,LOW,4_UNRESOLVED,TRUE
299992,20260223,1,1,3412430,militarnyy,https://militarnyi.com/uk/news/ukrayinski-bpla-sbs-znyshhyly-dva-zrk-tor-ta-naftobazu-na-donbasi/,709717,Donetsk,Donets'k,Donets'ka,37.80285,48.01588,ADM3,709717,Donetsk,Donets'k,Donets'ka,a_ukr_init_b,1,a_ukr_b,1,a_rus_init_b,0,a_rus_b,1,t_mil_b,1,t_uav_b,1,t_airstrike_b,0,t_artillery_b,0,t_property_b,1,t_raid_b,1,FUEL_STORAGE_TERMINAL,нафтобаз,атак|безпілот|знищ|ракет,"Українські БПЛА СБС знищили два ЗРК «Тор» та нафтобазу на Донбасі. Вночі 22 лютого підрозділи Сил безпілотних систем уразили два російські зенітні ракетні комплекси «Тор» на Донеччині і нафтобазу в Луганську. Один із комплексів виявили та атакували поблизу окупованого Донецька, повідомив командувач СБС у своєм...",TRUE,UNCERTAIN,REVIEW_NAME_ONLY_RU_SUPPORT,,,Donetsk,TRUE,TRUE,REVIEW_NAME_ONLY_RU_SUPPORT,UNRESOLVED,NO_DECISIVE_RUSSIA_PROPER_LOCATION_EVIDENCE,PASS,FRESH_ATTACK_WORDING,INSUFFICIENT,FALSE,FALSE,,LOW,4_UNRESOLVED,TRUE
403175,20260223,1,1,3041220,espreso,https://espreso.tv/viyna-z-rosiyeyu-nps-kaleykino-na-naftovomu-truboprovodi-druzhba-zaznala-nichnoi-ataki,9114074,Druzhba,Donets'k,Kostiantynivs'kyi,37.91028,48.41,ADM3,9114074,Druzhba,Donets'k,Kostiantynivs'kyi,a_ukr_init_b,1,a_ukr_b,1,a_rus_init_b,0,a_rus_b,1,t_mil_b,1,t_uav_b,1,t_airstrike_b,0,t_artillery_b,0,t_property_b,0,t_raid_b,0,PIPELINE_PUMPING,трубопровод,атак,"НПС """"Калейкіно"""" на нафтовому трубопроводі """"Дружба"""" зазнала нічної атаки",TRUE,UNCERTAIN,REVIEW_NAME_ONLY_RU_SUPPORT,,,Druzhba,TRUE,TRUE,REVIEW_NAME_ONLY_RU_SUPPORT,UNRESOLVED,NO_DECISIVE_RUSSIA_PROPER_LOCATION_EVIDENCE,UNCERTAIN,EVENT_WORDING_NOT_DECISIVE,INSUFFICIENT,FALSE,FALSE,,LOW,4_UNRESOLVED,TRUE
403180,20260224,1,1,3047736,liga,https://news.liga.net/politics/news/zelenskii-ne-vidit-smysla-vosstanavlivat-nefteprovod-druzhba-rf-atakuet-remontnye-brigady,9114074,Druzhba,Donets'k,Kostiantynivs'kyi,37.91028,48.41,ADM3,9114074,Druzhba,Donets'k,Kostiantynivs'kyi,a_ukr_init_b,1,a_ukr_b,1,a_rus_init_b,0,a_rus_b,1,t_mil_b,1,t_uav_b,0,t_airstrike_b,0,t_artillery_b,0,t_property_b,1,t_raid_b,0,PIPELINE_PUMPING,нефтепровод,атак,"Зеленский не видит смысла восстанавливать нефтепровод """"Дружба"""": РФ атакует ремонтные бригады",TRUE,UNCERTAIN,REVIEW_NAME_ONLY_RU_SUPPORT,,,Druzhba,TRUE,TRUE,REVIEW_NAME_ONLY_RU_SUPPORT,UNRESOLVED,NO_DECISIVE_RUSSIA_PROPER_LOCATION_EVIDENCE,UNCERTAIN,EVENT_WORDING_NOT_DECISIVE,INSUFFICIENT,FALSE,FALSE,,LOW,4_UNRESOLVED,TRUE
300010,20260309,1,1,3122961,liveuamap,https://t.me/kiber_boroshno/12631,709717,Donetsk,Donets'k,Donets'ka,37.80285,48.01588,ADM3,709717,Donetsk,Donets'k,Donets'ka,a_ukr_init_b,1,a_ukr_b,1,a_rus_init_b,0,a_rus_b,1,t_mil_b,1,t_uav_b,0,t_airstrike_b,0,t_artillery_b,0,t_property_b,1,t_raid_b,1,AMMUNITION_ARSENAL,склад боєприпас,знищ,"На заводі """"Точмаш"""" у Донецьку знищено склад боєприпасів",TRUE,UNCERTAIN,REVIEW_NAME_ONLY_RU_SUPPORT,,,Donetsk,TRUE,TRUE,REVIEW_NAME_ONLY_RU_SUPPORT,UNRESOLVED,NO_DECISIVE_RUSSIA_PROPER_LOCATION_EVIDENCE,UNCERTAIN,EVENT_WORDING_NOT_DECISIVE,INSUFFICIENT,FALSE,FALSE,,LOW,4_UNRESOLVED,TRUE
155870,20260311,1,1,3412567,militarnyy,https://militarnyi.com/uk/news/syly-oborony-urazyly-sklad-iz-boyeprypasamy-rosiyan-u-mariupoli/,701822,Mariupol,Donets'k,Mariupol's'ka,37.54144,47.0967,ADM3,701822,Mariupol,Donets'k,Mariupol's'ka,a_ukr_init_b,1,a_ukr_b,1,a_rus_init_b,0,a_rus_b,1,t_mil_b,1,t_uav_b,0,t_airstrike_b,0,t_artillery_b,0,t_property_b,1,t_raid_b,1,AMMUNITION_ARSENAL|STRATEGIC_AIRBASE,аеродром|склад із боєприпасами росіян у Маріуполі. Сили оборони України вночі на 11 березня уразили склад із боєприпас,пожеж,"Сили оборони уразили склад із боєприпасами росіян у Маріуполі. Сили оборони України вночі на 11 березня уразили склад із боєприпасами росіяну Маріуполі, унаслідок чого там розпочалася пожежа. Про це повідомляє ресурс ASTRA. Пожежу та вторинну детонацію в районі аеродрому місцеві мешканці зафільмували на кам...",TRUE,UNCERTAIN,REVIEW_NAME_ONLY_RU_SUPPORT,,,Mariupol,TRUE,TRUE,REVIEW_NAME_ONLY_RU_SUPPORT,UNRESOLVED,NO_DECISIVE_RUSSIA_PROPER_LOCATION_EVIDENCE,PASS,FRESH_ATTACK_WORDING,INSUFFICIENT,FALSE,FALSE,,LOW,4_UNRESOLVED,TRUE
155872,20260312,1,1,3412595,militarnyy,https://militarnyi.com/uk/news/skupchennya-tehniky-evakuyuvaly-zi-skladu/,701822,Mariupol,Donets'k,Mariupol's'ka,37.54144,47.0967,ADM3,701822,Mariupol,Donets'k,Mariupol's'ka,a_ukr_init_b,1,a_ukr_b,1,a_rus_init_b,0,a_rus_b,1,t_mil_b,1,t_uav_b,0,t_airstrike_b,0,t_artillery_b,0,t_property_b,1,t_raid_b,1,AMMUNITION_ARSENAL,складу поблизу Маріуполя. Після ураження складу з боєприпас,вибух|знищ|удар,"Сили оборони уразили скупчення російської техніки, яку евакуювали зі знищеного складу поблизу Маріуполя. Після ураження складу з боєприпасами в районі Широкої Балки на Донеччині, Сили оборони України завдали удару по скупченню російської евакуйованої техніки. Як повідомляє Telegram-канал «Досье Шпиона», перша серія вибухів пролунала 11 березня на ...",TRUE,UNCERTAIN,REVIEW_NAME_ONLY_RU_SUPPORT,,,Mariupol,TRUE,TRUE,REVIEW_NAME_ONLY_RU_SUPPORT,UNRESOLVED,NO_DECISIVE_RUSSIA_PROPER_LOCATION_EVIDENCE,PASS,FRESH_ATTACK_WORDING,INSUFFICIENT,FALSE,FALSE,,LOW,4_UNRESOLVED,TRUE
76431,20260316,1,1,3412620,militarnyy,https://militarnyi.com/uk/news/znyshhyly-sklad-zenitnyh-raket-luganshhyna/,694352,Sharapkino,Luhans'k,Sverdlovs'ka,39.64256,48.08113,ADM3,694352,Sharapkino,Luhans'k,Sverdlovs'ka,a_ukr_init_b,1,a_ukr_b,1,a_rus_init_b,0,a_rus_b,1,t_mil_b,1,t_uav_b,0,t_airstrike_b,0,t_artillery_b,1,t_property_b,1,t_raid_b,1,AMMUNITION_ARSENAL,склад зенітних ракет на Луганщині — супутникові знімки. У мережі з’явилися супутникові знімки наслідків українського удару по складу боєприпас,знищ|ракет|удар,Сили оборони знищили російський склад зенітних ракет на Луганщині — супутникові знімки. У мережі з’явилися супутникові знімки наслідків українського удару по складу боєприпасів в окупованому Довжанську Луганської області. Кадри за 15 березня від сервісу Planet Labs опублікував журналіст «Радіо Свобода» Марк Крутов. На свіжих зн...,TRUE,UNCERTAIN,REVIEW_COORDINATE_NEAR_RU,12.583,809642,Rozy Lyuksemburg,TRUE,TRUE,REVIEW_COORDINATE_NEAR_RU,UNRESOLVED,NO_DECISIVE_RUSSIA_PROPER_LOCATION_EVIDENCE,UNCERTAIN,EVENT_WORDING_NOT_DECISIVE,INSUFFICIENT,FALSE,FALSE,,LOW,4_UNRESOLVED,TRUE
76432,20260409,1,1,3412792,militarnyy,https://militarnyi.com/uk/news/syly-oborony-znyshhyly-na-luganshhyni-sklad/,694352,Sharapkino,Luhans'k,Sverdlovs'ka,39.64256,48.08113,ADM3,694352,Sharapkino,Luhans'k,Sverdlovs'ka,a_ukr_init_b,1,a_ukr_b,1,a_rus_init_b,1,a_rus_b,1,t_mil_b,1,t_uav_b,0,t_airstrike_b,0,t_artillery_b,0,t_property_b,1,t_raid_b,1,AMMUNITION_ARSENAL,"склад боєприпасів. Сили оборони України знищили, ймовірно, російський склад боєприпас",атак|знищ,"Сили оборони знищили на Луганщині, попередньо, російський склад боєприпасів. Сили оборони України знищили, ймовірно, російський склад боєприпасів на окупованій Луганщині. Відео після атаки опублікували Telegram-канали Supernova+ та Exilenova+. Повідомляється, що українські сили атакували склад у місті Довжанськ, як...",TRUE,UNCERTAIN,REVIEW_COORDINATE_NEAR_RU,12.583,809642,Rozy Lyuksemburg,TRUE,TRUE,REVIEW_COORDINATE_NEAR_RU,UNRESOLVED,NO_DECISIVE_RUSSIA_PROPER_LOCATION_EVIDENCE,UNCERTAIN,EVENT_WORDING_NOT_DECISIVE,INSUFFICIENT,FALSE,FALSE,,LOW,4_UNRESOLVED,TRUE
378389,20260411,1,1,3398770,interfaxua,https://interfax.com.ua/news/general/1158494.html,809452,Kuban,Luhans'k,Novopskovs'kyi,39.02962,49.65099,ADM3,809452,Kuban,Luhans'k,Novopskovs'kyi,a_ukr_init_b,1,a_ukr_b,1,a_rus_init_b,0,a_rus_b,1,t_mil_b,1,t_uav_b,1,t_airstrike_b,0,t_artillery_b,0,t_property_b,1,t_raid_b,1,FUEL_STORAGE_TERMINAL|PIPELINE_PUMPING,нафтобаз|нафтопров,атак,Сили оборони атакували нафтобази в російській Твері та нафтопровідну станцію на Кубані – ЦПД,TRUE,UNCERTAIN,REVIEW_COORDINATE_NEAR_RU,19.686,11682238,Balka Karayashnik,TRUE,TRUE,REVIEW_COORDINATE_NEAR_RU,UNRESOLVED,NO_DECISIVE_RUSSIA_PROPER_LOCATION_EVIDENCE,UNCERTAIN,EVENT_WORDING_NOT_DECISIVE,INSUFFICIENT,FALSE,FALSE,,LOW,4_UNRESOLVED,TRUE
403247,20260421,1,1,3413146,nv,https://nv.ua/ukr/world/countries/droni-sbu-vrazila-vorozhu-naftostanciyu-samara-yaka-formuye-eksportniy-sort-nafti-urals-dzherela-nv-50601865.html,9114074,Druzhba,Donets'k,Kostiantynivs'kyi,37.91028,48.41,ADM3,9114074,Druzhba,Donets'k,Kostiantynivs'kyi,a_ukr_init_b,1,a_ukr_b,1,a_rus_init_b,0,a_rus_b,1,t_mil_b,1,t_uav_b,1,t_airstrike_b,0,t_artillery_b,0,t_property_b,0,t_raid_b,1,PIPELINE_PUMPING,нафтопров,Дрон,"Дрони СБУ уразили російську станцію Самара нафтопроводу Дружба, яка формує експортний сорт нафти Urals — джерела NV",TRUE,UNCERTAIN,REVIEW_NAME_ONLY_RU_SUPPORT,,,Druzhba,TRUE,TRUE,REVIEW_NAME_ONLY_RU_SUPPORT,UNRESOLVED,NO_DECISIVE_RUSSIA_PROPER_LOCATION_EVIDENCE,PASS,FRESH_ATTACK_WORDING,INSUFFICIENT,FALSE,FALSE,,LOW,4_UNRESOLVED,TRUE
274557,20260608,1,1,3749535,unian,https://www.unian.ua/war/novorosiysk-droni-atakuvali-odnu-z-naybilshih-naftobaz-na-kavkazi-13405227.html,706610,Kavkaz,Mykolayiv,Bereznehuvats'kyi,33.06957,47.28861,ADM3,706610,Kavkaz,Mykolayiv,Bereznehuvats'kyi,a_ukr_init_b,1,a_ukr_b,1,a_rus_init_b,0,a_rus_b,1,t_mil_b,1,t_uav_b,1,t_airstrike_b,0,t_artillery_b,0,t_property_b,1,t_raid_b,1,FUEL_STORAGE_TERMINAL,нафтобаз,Дрон|атак|пожеж,"Дрони атакували одну з найбільших нафтобаз на Кавказі, там потужна пожежа (фото)",TRUE,UNCERTAIN,REVIEW_NAME_ONLY_RU_SUPPORT,,,Kavkaz,TRUE,TRUE,REVIEW_NAME_ONLY_RU_SUPPORT,UNRESOLVED,NO_DECISIVE_RUSSIA_PROPER_LOCATION_EVIDENCE,PASS,FRESH_ATTACK_WORDING,INSUFFICIENT,FALSE,FALSE,,LOW,4_UNRESOLVED,TRUE
