event_id_1pd,date,n_reports,event_ids_matching,sources_matching,source_urls,target_classes,target_terms,attack_terms,geonameid,asciiname,ADM1_NAME,ADM2_NAME,longitude,latitude,location_bucket,location_method,nearest_ru_distance_km,nearest_ru_geonameid,nearest_ru_name,a_ukr_init_field,a_ukr_init,a_ukr_field,a_ukr,a_rus_init_field,a_rus_init,a_rus_field,a_rus,ua_actor_text_terms,ru_scope_text_terms,representative_text,TriageStatus,TriageReason,CandidateCensusComplete,ScopeAuto,ScopeReason,EventFormAuto,EventFormReason,ExactReportDuplicateCluster,TriagePriority,ManualReviewRequired,DedupeClusterID,DedupeDecision,CanonicalEventID1pd,DedupeBasis,EventLevelDedupeStatus,ScopeAutoV2,ScopeReasonV2,EventFormAutoV2,EventFormReasonV2,TriagePriorityV2,R5PriorityV3,R5PriorityReasonV3,RussiaTargetTextHitsV3,UkraineActorEvidenceV3,RussiaActorEvidenceV3,UkraineAdm1EvidenceV3,CrimeaAdm1EvidenceV3,RussiaReviewMethodEvidenceV3
252229,20220224,8,147109|147299|370393,mz,https://zona.media/online/2022/02/24/war,STRATEGIC_AIRBASE,аэродром,атак|взрыв|ракет|удар,710374,Chuhuiv,Kharkiv,Chuhu‹vs'kyi,36.679453,49.835274,REVIEW,REVIEW_COORDINATE_NEAR_RU,6.307,479565,Uda,a_ukr_init_b,,a_ukr_b,0,a_rus_init_b,,a_rus_b,0,Силы оборон|Украин,,"Судя по сообщениям из зоны боевых действий, Харьков оказался одним из наиболее пострадавших крупных городов Украины. Вот рассказы нескольких харьковчан, которые застали в городе начало войны.  Валерия  «Мы проснулись в 5:10 от того что за окном громыхали взрывы, и это продолжалось достаточно долго. Сработали сигнализации машин, проснулся район. Все стали куда-то бежать. У нас так расположен дом, что самих взрывов не видно. Но у людей жуткая паника. Соседи и знакомые ломанулись из города. Много аварий, километровые очереди на заправках. Магазины тоже самое. Мы собрали самые необходимые вещи так и сидим. Со стороны окружной дороги, до сих пор громыхает. Все, кто уехал, стоят в диких пробках и присылают сообщения с месторасположением бомбоубежищ».  Максим  «Начало? Будоражащим. Ровно в 5:00. Взрывы по разным направлениям в Харькове, из окна были видны зарева работы оружия. Позже стали узнавать из источников, что были атакованы преимущественно военные объекты. Сейчас слышны взрывы до сих пор. Думаю, что в других приграничных областях Украины тоже самое».  Инна  «С утра, около 5 часов, проснулась от звуков взрыва. Сначала думала, сквозь сон показалось. Но через минут пять повторилось еще три раза. Зашла в интернет, потому что думала схожу с ума. В харьковских группах отписывались, что слышны взрывы. Нашли снаряды в двух районах Харькова. В Чугуеве (муж оттуда) бомбили аэродром, попали в жилой дом. С утра много машин у подъезда разъехались с людьми, некоторые паникуют, некоторые ждут, что будет дальше. Мы на сумках, с документами. Но куда бежать?» || В сводке генштаба вооруженных сил Украины говорится, что информация о российском десанте в Одессе является фейком.   Также штаб сообщает, что ракетно-бомбовые удары были нанесены по аэродромам в Борисполе (Киевская область), Озерном (Житомирская область), Кульбакине (Николаевская область), Чугуеве (Харьковская область), Краматорске (Донецкая область), Чернобаевке (Херсонская область).  «Силы обороны государства находятся в полной боевой готовности, заняты и сохраняют оборонительные позиции. Ситуация под контролем», — уверяют в украинском штабе. || В сводке генштаба вооруженных сил Украины говорится, что информация о российском десанте в Одессе является фейком. Также штаб сообщает, что ракетно-бомбовые удары были нанесены по аэродромам в Борисполе (Киевская область), Озерном (Житомирская область), Кульбакине (Николаевская область), Чугуеве (Харьковская область), Краматорске (Донецкая область), Чернобаевке (Херсонская область). «Силы обороны государства находятся в полной боевой готовности, заняты и сохраняют оборонительные позиции. Ситуация под контролем», — уверяют в украинском штабе.",REVIEW_LOCATION_AMBIGUOUS,REVIEW_COORDINATE_NEAR_RU,FALSE,UKRAINE_OCCUPIED_OTHER,OCCUPIED_UA_TEXT,EVENT_FORM_UNRESOLVED,NO_DECISIVE_EVENT_FORM_CUE,,P5_OCCUPIED_UA_OTHER,TRUE,,UNIQUE_EXACT_REPORT_LEVEL,252229,NO_EXACT_REPORT_DUPLICATE,PENDING,UNKNOWN,NO_DECISIVE_SCOPE_TEXT,EVENT_FORM_UNRESOLVED,NO_DECISIVE_EVENT_FORM_CUE,R5_SCOPE_UNKNOWN,H2_UA_ACTOR_RUSSIA_LOCATION_REVIEW,UA_ACTOR_PLUS_RUSSIA_SUSPECT_LOCATION_METHOD,,TRUE,FALSE,TRUE,FALSE,TRUE
252232,20220224,1,370251,mz,,STRATEGIC_AIRBASE,аэродром,атак|взрыв,710374,Chuhuiv,Kharkiv,Chuhu‹vs'kyi,36.679453,49.835274,REVIEW,REVIEW_COORDINATE_NEAR_RU,6.307,479565,Uda,a_ukr_init_b,,a_ukr_b,0,a_rus_init_b,,a_rus_b,0,Украин,,"Судя по сообщениям из зоны боевых действий, Харьков оказался одним из наиболее пострадавших крупных городов Украины. Вот рассказы нескольких харьковчан, которые застали в городе начало войны. Валерия «Мы проснулись в 5:10 от того что за окном громыхали взрывы, и это продолжалось достаточно долго. Сработали сигнализации машин, проснулся район. Все стали куда-то бежать. У нас так расположен дом, что самих взрывов не видно. Но у людей жуткая паника. Соседи и знакомые ломанулись из города. Много аварий, километровые очереди на заправках. Магазины тоже самое. Мы собрали самые необходимые вещи так и сидим. Со стороны окружной дороги, до сих пор громыхает. Все, кто уехал, стоят в диких пробках и присылают сообщения с месторасположением бомбоубежищ». Максим «Начало? Будоражащим. Ровно в 5:00. Взрывы по разным направлениям в Харькове, из окна были видны зарева работы оружия. Позже стали узнавать из источников, что были атакованы преимущественно военные объекты. Сейчас слышны взрывы до сих пор. Думаю, что в других приграничных областях Украины тоже самое». Инна «С утра, около 5 часов, проснулась от звуков взрыва. Сначала думала, сквозь сон показалось. Но через минут пять повторилось еще три раза. Зашла в интернет, потому что думала схожу с ума. В харьковских группах отписывались, что слышны взрывы. Нашли снаряды в двух районах Харькова. В Чугуеве (муж оттуда) бомбили аэродром, попали в жилой дом. С утра много машин у подъезда разъехались с людьми, некоторые паникуют, некоторые ждут, что будет дальше. Мы на сумках, с документами. Но куда бежать?»",REVIEW_LOCATION_AMBIGUOUS,REVIEW_COORDINATE_NEAR_RU,FALSE,UNKNOWN,NO_DECISIVE_SCOPE_TEXT,EVENT_FORM_UNRESOLVED,NO_DECISIVE_EVENT_FORM_CUE,,P6_SCOPE_UNKNOWN,TRUE,,UNIQUE_EXACT_REPORT_LEVEL,252232,NO_EXACT_REPORT_DUPLICATE,PENDING,UNKNOWN,NO_DECISIVE_SCOPE_TEXT,EVENT_FORM_UNRESOLVED,NO_DECISIVE_EVENT_FORM_CUE,R5_SCOPE_UNKNOWN,H2_UA_ACTOR_RUSSIA_LOCATION_REVIEW,UA_ACTOR_PLUS_RUSSIA_SUSPECT_LOCATION_METHOD,,TRUE,FALSE,TRUE,FALSE,TRUE
265513,20220224,6,147331,mz,https://zona.media/online/2022/02/24/war,STRATEGIC_AIRBASE,аэродром,атак,710791,Cherkasy,Cherkasy,Cherkas'ka,32.059768,49.444433,REVIEW,REVIEW_NAME_ONLY_RU_SUPPORT,,,Cherkasy,a_ukr_init_b,,a_ukr_b,0,a_rus_init_b,,a_rus_b,0,Украин,,"Служба по чрезвычайными ситуациям Украины сообщила об атаках на военные объекты на западе: помимо военной части под Ивано-Франковском, это также аэродром в Луцке, часть в Каменке-Бузкой под Львовом, военные склады под Черкассами и Житомиром. Журналисты сообщают о стрельбе под Винницей.",REVIEW_LOCATION_AMBIGUOUS,REVIEW_NAME_ONLY_RU_SUPPORT,FALSE,UNKNOWN,NO_DECISIVE_SCOPE_TEXT,EVENT_FORM_UNRESOLVED,NO_DECISIVE_EVENT_FORM_CUE,,P6_SCOPE_UNKNOWN,TRUE,,UNIQUE_EXACT_REPORT_LEVEL,265513,NO_EXACT_REPORT_DUPLICATE,PENDING,UNKNOWN,NO_DECISIVE_SCOPE_TEXT,EVENT_FORM_UNRESOLVED,NO_DECISIVE_EVENT_FORM_CUE,R5_SCOPE_UNKNOWN,H2_UA_ACTOR_RUSSIA_LOCATION_REVIEW,UA_ACTOR_PLUS_RUSSIA_SUSPECT_LOCATION_METHOD,,TRUE,FALSE,TRUE,FALSE,TRUE
265519,20220224,1,370425,mz,,STRATEGIC_AIRBASE,аэродром,атак,710791,Cherkasy,Cherkasy,Cherkas'ka,32.059768,49.444433,REVIEW,REVIEW_NAME_ONLY_RU_SUPPORT,,,Cherkasy,a_ukr_init_b,,a_ukr_b,0,a_rus_init_b,,a_rus_b,1,Украин,,"Служба по чрезвычайными ситуациям Украины сообщила об атаках на военные объекты на западе: помимо военной части под Ивано-Франковском, это также аэродром в Луцке, часть в Каменке-Бузкой под Львовом, военные склады под Черкассами и Житомиром. Журналисты сообщают о стрельбе под Винницей.",REVIEW_LOCATION_AMBIGUOUS,REVIEW_NAME_ONLY_RU_SUPPORT,FALSE,UNKNOWN,NO_DECISIVE_SCOPE_TEXT,EVENT_FORM_UNRESOLVED,NO_DECISIVE_EVENT_FORM_CUE,,P6_SCOPE_UNKNOWN,TRUE,,UNIQUE_EXACT_REPORT_LEVEL,265519,NO_EXACT_REPORT_DUPLICATE,PENDING,UNKNOWN,NO_DECISIVE_SCOPE_TEXT,EVENT_FORM_UNRESOLVED,NO_DECISIVE_EVENT_FORM_CUE,R5_SCOPE_UNKNOWN,H2_UA_ACTOR_RUSSIA_LOCATION_REVIEW,UA_ACTOR_PLUS_RUSSIA_SUSPECT_LOCATION_METHOD,,TRUE,TRUE,TRUE,FALSE,TRUE
298788,20220227,4,147659,mz,https://t.me/uniannet/33158,FUEL_STORAGE_TERMINAL,нефтебаз,пожар,805500,Voronyne,Sumy,Bilopils'kyi,34.123755,51.106236,REVIEW,REVIEW_COORDINATE_NEAR_RU,19.395,806795,Stantsiya Tetkino,a_ukr_init_b,,a_ukr_b,0,a_rus_init_b,,a_rus_b,0,Украин,,"В городе Ахтырке Сумской области снаряд попал в нефтебазу, начался пожар, сообщает «Украина 24».",REVIEW_LOCATION_AMBIGUOUS,REVIEW_COORDINATE_NEAR_RU,FALSE,UNKNOWN,NO_DECISIVE_SCOPE_TEXT,EVENT_FORM_UNRESOLVED,NO_DECISIVE_EVENT_FORM_CUE,,P6_SCOPE_UNKNOWN,TRUE,,UNIQUE_EXACT_REPORT_LEVEL,298788,NO_EXACT_REPORT_DUPLICATE,PENDING,UNKNOWN,NO_DECISIVE_SCOPE_TEXT,EVENT_FORM_UNRESOLVED,NO_DECISIVE_EVENT_FORM_CUE,R5_SCOPE_UNKNOWN,H2_UA_ACTOR_RUSSIA_LOCATION_REVIEW,UA_ACTOR_PLUS_RUSSIA_SUSPECT_LOCATION_METHOD,,TRUE,FALSE,TRUE,FALSE,TRUE
255171,20220302,1,147885,mz,https://www.osce.org/chairmanship/513280,FUEL_STORAGE_TERMINAL,нефтебаз,удар|уничтож,710735,Chernihiv,Chernihiv,Chernihivs'ka,31.298652,51.491007,REVIEW,REVIEW_COORDINATE_NEAR_RU,16.908,491522,Snov,a_ukr_init_b,,a_ukr_b,1,a_rus_init_b,,a_rus_b,0,Украин,орел,"В Чернигове, по которому наносит удары авиация, из-под завалов вытащили тела 33 погибших людей и 18 раненых, сообщает ГСЧС Украины. Сейчас из-за продолжающих обстрелов спасательные работы временно приостановлены, уточняет ведомство. Мэр города Владислав Атрошенко сообщил, что российские бомбардировщики бомбили жилые дома, также снарядами были разрушены две школы. «За что воюют здесь россияне? Я не знаю, какой русский мир здесь спасают или от каких бандеровцев. <﻿…﻿> Россия воюя с мирным населением Украины, бомбя города, бомбя школы, жилые дома, она уничтожает будущее своих детей и будущее своих внуков. Она превращается в международного изгоя», — сказал Атрошенко. Во время утреннего обстрела города снаряд попал в нефтебазу, в результате резервуар загорелся.",REVIEW_LOCATION_AMBIGUOUS,REVIEW_COORDINATE_NEAR_RU,FALSE,RUSSIA_PROPER,RUSSIAN_PLACE_TEXT,EVENT_FORM_UNRESOLVED,NO_DECISIVE_EVENT_FORM_CUE,,P2_RUSSIA_FROM_AMBIGUOUS,TRUE,,UNIQUE_EXACT_REPORT_LEVEL,255171,NO_EXACT_REPORT_DUPLICATE,PENDING,UNKNOWN,NO_DECISIVE_SCOPE_TEXT,EVENT_FORM_UNRESOLVED,NO_DECISIVE_EVENT_FORM_CUE,R5_SCOPE_UNKNOWN,H2_UA_ACTOR_RUSSIA_LOCATION_REVIEW,UA_ACTOR_PLUS_RUSSIA_SUSPECT_LOCATION_METHOD,,TRUE,FALSE,TRUE,FALSE,TRUE
289406,20220302,4,165756,nv,https://nv.ua/ukr/ukraine/events/viyna-rosiji-proti-ukrajini-rosiyski-viyska-shturmuyut-bahmut-zvedennya-genshtabu-50308019.html,AMMUNITION_ARSENAL,складу боєприпас,атак,713174,Bakhmut,Donets'k,Artemivs'ka,38.001988,48.589471,REVIEW,REVIEW_NAME_ONLY_RU_SUPPORT,,,Bakhmut,a_ukr_init_b,,a_ukr_b,0,a_rus_init_b,,a_rus_b,0,ЗСУ,,ЗСУ відбили атаки окупантів на Бахмут і вдарили по складу боєприпасів — Генштаб,REVIEW_LOCATION_AMBIGUOUS,REVIEW_NAME_ONLY_RU_SUPPORT,FALSE,UNKNOWN,NO_DECISIVE_SCOPE_TEXT,FRESH_ATTACK_WORDING,FRESH_ATTACK_CUE,,P6_SCOPE_UNKNOWN,TRUE,,UNIQUE_EXACT_REPORT_LEVEL,289406,NO_EXACT_REPORT_DUPLICATE,PENDING,UNKNOWN,NO_DECISIVE_SCOPE_TEXT,FRESH_ATTACK_WORDING,FRESH_ATTACK_CUE,R5_SCOPE_UNKNOWN,H2_UA_ACTOR_RUSSIA_LOCATION_REVIEW,UA_ACTOR_PLUS_RUSSIA_SUSPECT_LOCATION_METHOD,,TRUE,FALSE,TRUE,FALSE,TRUE
60644,20220302,1,1655460,pravdaua,https://www.pravda.com.ua/news/2022/03/2/7327421/,STRATEGIC_AIRBASE,аеродром,удар,694141,Shevchenkovo,Ivano-Frankivs'k,Halyts'kyi,24.700661,49.131719,REVIEW,REVIEW_NAME_ONLY_RU_SUPPORT,,,Shevchenkovo,a_ukr_init_b,,a_ukr_b,1,a_rus_init_b,,a_rus_b,0,СБУ,,"СБУ спіймала зрадника, який навів удар на аеродром Франківська. Служба безпеки затримала коректувальника вогню, який навів удар російського """"Калібру"""" на Івано-Франківський аеродром.",REVIEW_LOCATION_AMBIGUOUS,REVIEW_NAME_ONLY_RU_SUPPORT,FALSE,UNKNOWN,NO_DECISIVE_SCOPE_TEXT,EVENT_FORM_UNRESOLVED,NO_DECISIVE_EVENT_FORM_CUE,,P6_SCOPE_UNKNOWN,TRUE,,UNIQUE_EXACT_REPORT_LEVEL,60644,NO_EXACT_REPORT_DUPLICATE,PENDING,UNKNOWN,NO_DECISIVE_SCOPE_TEXT,EVENT_FORM_UNRESOLVED,NO_DECISIVE_EVENT_FORM_CUE,R5_SCOPE_UNKNOWN,H2_UA_ACTOR_RUSSIA_LOCATION_REVIEW,UA_ACTOR_PLUS_RUSSIA_SUSPECT_LOCATION_METHOD,,TRUE,FALSE,TRUE,FALSE,TRUE
289456,20220309,6,166847,nv,https://nv.ua/ukr/ukraine/events/viyna-rosiji-proti-ukrajini-zsu-vidbili-shturmi-bahmuta-rosiyskimi-viyskami-zvedennya-50309602.html,AMMUNITION_ARSENAL,складах із боєприпас,атак,713174,Bakhmut,Donets'k,Artemivs'ka,38.001988,48.589471,REVIEW,REVIEW_NAME_ONLY_RU_SUPPORT,,,Bakhmut,a_ukr_init_b,,a_ukr_b,0,a_rus_init_b,,a_rus_b,0,Україн,,Захисники України відбили атаки окупантів на Бахмут і вдарили по російських складах із боєприпасами — Генштаб,REVIEW_LOCATION_AMBIGUOUS,REVIEW_NAME_ONLY_RU_SUPPORT,FALSE,UNKNOWN,NO_DECISIVE_SCOPE_TEXT,FRESH_ATTACK_WORDING,FRESH_ATTACK_CUE,,P6_SCOPE_UNKNOWN,TRUE,,UNIQUE_EXACT_REPORT_LEVEL,289456,NO_EXACT_REPORT_DUPLICATE,PENDING,UNKNOWN,NO_DECISIVE_SCOPE_TEXT,FRESH_ATTACK_WORDING,FRESH_ATTACK_CUE,R5_SCOPE_UNKNOWN,H2_UA_ACTOR_RUSSIA_LOCATION_REVIEW,UA_ACTOR_PLUS_RUSSIA_SUSPECT_LOCATION_METHOD,,TRUE,FALSE,TRUE,FALSE,TRUE
326845,20220311,1,2284932,nv,https://nv.ua/ukr/world/countries/ataka-bpla-na-naftoprovid-druzhba-v-ugorshchini-poskarzhilis-na-zupinku-postachannya-nafti-50496966.html,PIPELINE_PUMPING,нафтопров,удар,9114074,Druzhba,Donets'k,Kostiantynivs'kyi,37.91028,48.41,REVIEW,REVIEW_NAME_ONLY_RU_SUPPORT,,,Druzhba,a_ukr_init_b,0,a_ukr_b,1,a_rus_init_b,0,a_rus_b,0,,,"Сійярто заявив, що постачання нафти до Угорщини припинилося після удару БПЛА по нафтопроводу Дружба",REVIEW_LOCATION_AMBIGUOUS,REVIEW_NAME_ONLY_RU_SUPPORT,FALSE,UNKNOWN,NO_DECISIVE_SCOPE_TEXT,FOLLOWUP_OR_AFTERMATH,FOLLOWUP_CUE_NO_FRESH_VERB,,P6_SCOPE_UNKNOWN,TRUE,,UNIQUE_EXACT_REPORT_LEVEL,326845,NO_EXACT_REPORT_DUPLICATE,PENDING,UNKNOWN,NO_DECISIVE_SCOPE_TEXT,FOLLOWUP_OR_AFTERMATH,FOLLOWUP_CUE_NO_FRESH_VERB,R5_SCOPE_UNKNOWN,H2_UA_ACTOR_RUSSIA_LOCATION_REVIEW,UA_ACTOR_PLUS_RUSSIA_SUSPECT_LOCATION_METHOD,,TRUE,FALSE,TRUE,FALSE,TRUE
195169,20220318,1,1746568,liveuamap,https://twitter.com/UAWeapons/status/1504871492294746117,STRATEGIC_AIRBASE,авіабаз,безпілот|удар,706448,Kherson,Kherson,Khersons'ka,32.614962,46.640319,REVIEW,REVIEW_NAME_ONLY_RU_SUPPORT,,,Kherson,a_ukr_init_b,,a_ukr_b,0,a_rus_init_b,,a_rus_b,0,Україн,,"Новий монтаж кліпів з безпілотників ТБ-2 ВПС України, як спостереження артилерійського обстрілу на Херсонській авіабазі кілька днів тому, так і неуточнені/старіші кадри ударів артилерії та безпілотників по російським конвоям",REVIEW_LOCATION_AMBIGUOUS,REVIEW_NAME_ONLY_RU_SUPPORT,FALSE,UKRAINE_OCCUPIED_OTHER,OCCUPIED_UA_TEXT,EVENT_FORM_UNRESOLVED,NO_DECISIVE_EVENT_FORM_CUE,,P5_OCCUPIED_UA_OTHER,TRUE,,UNIQUE_EXACT_REPORT_LEVEL,195169,NO_EXACT_REPORT_DUPLICATE,PENDING,UNKNOWN,NO_DECISIVE_SCOPE_TEXT,EVENT_FORM_UNRESOLVED,NO_DECISIVE_EVENT_FORM_CUE,R5_SCOPE_UNKNOWN,H2_UA_ACTOR_RUSSIA_LOCATION_REVIEW,UA_ACTOR_PLUS_RUSSIA_SUSPECT_LOCATION_METHOD,,TRUE,FALSE,TRUE,FALSE,TRUE
326848,20220319,1,2292456,militarnyy,https://mil.in.ua/uk/news/spilnota-kiberboroshno-vyyavyla-urazhennya-infrastruktury-naftoprovodu-druzhba-v-rosiyi/,PIPELINE_PUMPING,нафтопров,пошкодж|удар,9114074,Druzhba,Donets'k,Kostiantynivs'kyi,37.91028,48.41,REVIEW,REVIEW_NAME_ONLY_RU_SUPPORT,,,Druzhba,a_ukr_init_b,0,a_ukr_b,1,a_rus_init_b,1,a_rus_b,1,Україн,,"Спільнота “Кіберборошно” виявила ураження інфраструктури нафтопроводу “Дружба” в Росії. Українським ударом була пошкоджена інфраструктура нафтопроводу «Дружба» в Росії.  Спільнота «Кіберборошно» з супутникових знімків виявила, що під...",REVIEW_LOCATION_AMBIGUOUS,REVIEW_NAME_ONLY_RU_SUPPORT,FALSE,UNKNOWN,NO_DECISIVE_SCOPE_TEXT,FOLLOWUP_OR_AFTERMATH,FOLLOWUP_CUE_NO_FRESH_VERB,,P6_SCOPE_UNKNOWN,TRUE,,UNIQUE_EXACT_REPORT_LEVEL,326848,NO_EXACT_REPORT_DUPLICATE,PENDING,UNKNOWN,NO_DECISIVE_SCOPE_TEXT,FOLLOWUP_OR_AFTERMATH,FOLLOWUP_CUE_NO_FRESH_VERB,R5_SCOPE_UNKNOWN,H2_UA_ACTOR_RUSSIA_LOCATION_REVIEW,UA_ACTOR_PLUS_RUSSIA_SUSPECT_LOCATION_METHOD,,TRUE,TRUE,TRUE,FALSE,TRUE
30720,20220321,1,1625526,meduza,https://t.me/milinfolive/79261,STRATEGIC_AIRBASE,аэродром,удар,689702,Vesely,Donets'k,Kramators'ka,37.626227,48.70484,REVIEW,REVIEW_NAME_ONLY_RU_SUPPORT,,,Vesely,a_ukr_init_b,,a_ukr_b,0,a_rus_init_b,,a_rus_b,0,украин,,"Авиаудар по району аэродрома Краматорска, где находится штаб украинской группировки в Донбассе.",REVIEW_LOCATION_AMBIGUOUS,REVIEW_NAME_ONLY_RU_SUPPORT,FALSE,UNKNOWN,NO_DECISIVE_SCOPE_TEXT,EVENT_FORM_UNRESOLVED,NO_DECISIVE_EVENT_FORM_CUE,,P6_SCOPE_UNKNOWN,TRUE,,UNIQUE_EXACT_REPORT_LEVEL,30720,NO_EXACT_REPORT_DUPLICATE,PENDING,UNKNOWN,NO_DECISIVE_SCOPE_TEXT,EVENT_FORM_UNRESOLVED,NO_DECISIVE_EVENT_FORM_CUE,R5_SCOPE_UNKNOWN,H2_UA_ACTOR_RUSSIA_LOCATION_REVIEW,UA_ACTOR_PLUS_RUSSIA_SUSPECT_LOCATION_METHOD,,TRUE,FALSE,TRUE,FALSE,TRUE
81800,20220403,2,152487,ntv,https://www.ntv.ru/novosti/2700046/,STRATEGIC_AIRBASE,аэродром,ракет|уничтож,696643,Poltava,Poltava,Poltavs'ka,34.551245,49.589531,REVIEW,REVIEW_NAME_ONLY_RU_SUPPORT,,,Poltava,a_ukr_init_b,,a_ukr_b,0,a_rus_init_b,,a_rus_b,0,ВСУ,,"Минобороны РФ сообщило об уничтожении двух аэродромов ВСУ — Специальная военная операция России ВС РФ высокоточными ракетами воздушного базирования вывели из строя два военных аэродрома ВСУ в Полтаве и Днепропетровске, сообщил официальный представитель Минобороны России Игорь Конашенков.",REVIEW_LOCATION_AMBIGUOUS,REVIEW_NAME_ONLY_RU_SUPPORT,FALSE,UNKNOWN,NO_DECISIVE_SCOPE_TEXT,EVENT_FORM_UNRESOLVED,NO_DECISIVE_EVENT_FORM_CUE,,P6_SCOPE_UNKNOWN,TRUE,,UNIQUE_EXACT_REPORT_LEVEL,81800,NO_EXACT_REPORT_DUPLICATE,PENDING,UNKNOWN,NO_DECISIVE_SCOPE_TEXT,EVENT_FORM_UNRESOLVED,NO_DECISIVE_EVENT_FORM_CUE,R5_SCOPE_UNKNOWN,H2_UA_ACTOR_RUSSIA_LOCATION_REVIEW,UA_ACTOR_PLUS_RUSSIA_SUSPECT_LOCATION_METHOD,,TRUE,FALSE,TRUE,FALSE,TRUE
102386,20220409,1,149182,ng,https://www.ng.ru/news/736439.html,AMMUNITION_ARSENAL,склад боеприпас,уничтож,699445,Novomoskovsk,Dnipropetrovs'k,Novomoskovs'kyi,35.2588714,48.6379626,REVIEW,REVIEW_NAME_ONLY_RU_SUPPORT,,,Novomoskovsk,a_ukr_init_b,,a_ukr_b,0,a_rus_init_b,,a_rus_b,0,ВСУ,,ВС РФ уничтожили крупный склад боеприпасов ВСУ около Новомосковска,REVIEW_LOCATION_AMBIGUOUS,REVIEW_NAME_ONLY_RU_SUPPORT,FALSE,UNKNOWN,NO_DECISIVE_SCOPE_TEXT,EVENT_FORM_UNRESOLVED,NO_DECISIVE_EVENT_FORM_CUE,,P6_SCOPE_UNKNOWN,TRUE,,UNIQUE_EXACT_REPORT_LEVEL,102386,NO_EXACT_REPORT_DUPLICATE,PENDING,UNKNOWN,NO_DECISIVE_SCOPE_TEXT,EVENT_FORM_UNRESOLVED,NO_DECISIVE_EVENT_FORM_CUE,R5_SCOPE_UNKNOWN,H2_UA_ACTOR_RUSSIA_LOCATION_REVIEW,UA_ACTOR_PLUS_RUSSIA_SUSPECT_LOCATION_METHOD,,TRUE,FALSE,TRUE,FALSE,TRUE
289654,20220425,4,174105,nv,https://nv.ua/ukr/ukraine/events/u-bahmuti-za-dobu-znishchili-bagato-okupantiv-ta-skladiv-z-boyepripasami-50320100.html,AMMUNITION_ARSENAL,склади боєприпас,знищ,713174,Bakhmut,Donets'k,Artemivs'ka,38.001988,48.589471,REVIEW,REVIEW_NAME_ONLY_RU_SUPPORT,,,Bakhmut,a_ukr_init_b,,a_ukr_b,0,a_rus_init_b,,a_rus_b,0,Сили оборон,,У Бахмуті за добу Сили оборони знищили 175 окупантів і чотири склади боєприпасів,REVIEW_LOCATION_AMBIGUOUS,REVIEW_NAME_ONLY_RU_SUPPORT,FALSE,UNKNOWN,NO_DECISIVE_SCOPE_TEXT,EVENT_FORM_UNRESOLVED,NO_DECISIVE_EVENT_FORM_CUE,,P6_SCOPE_UNKNOWN,TRUE,,UNIQUE_EXACT_REPORT_LEVEL,289654,NO_EXACT_REPORT_DUPLICATE,PENDING,UNKNOWN,NO_DECISIVE_SCOPE_TEXT,EVENT_FORM_UNRESOLVED,NO_DECISIVE_EVENT_FORM_CUE,R5_SCOPE_UNKNOWN,H2_UA_ACTOR_RUSSIA_LOCATION_REVIEW,UA_ACTOR_PLUS_RUSSIA_SUSPECT_LOCATION_METHOD,,TRUE,FALSE,TRUE,FALSE,TRUE
195646,20220426,1,1660252,pravdaua,https://www.pravda.com.ua/news/2022/04/26/7342105/,AMMUNITION_ARSENAL,склад з боєприпасами. У районі Великої Олександрівки Херсонської області українські військові знищили склад з боєприпас,знищ,706448,Kherson,Kherson,Khersons'ka,32.614962,46.640319,REVIEW,REVIEW_NAME_ONLY_RU_SUPPORT,,,Kherson,a_ukr_init_b,,a_ukr_b,1,a_rus_init_b,,a_rus_b,0,ЗСУ|україн,,Зведення Генштабу: На Херсонщині ЗСУ знищили 70 окупантів і склад з боєприпасами. У районі Великої Олександрівки Херсонської області українські військові знищили склад з боєприпасами та вбили 70 росіян (точна кількість загиблих уточнюється).,REVIEW_LOCATION_AMBIGUOUS,REVIEW_NAME_ONLY_RU_SUPPORT,FALSE,UKRAINE_OCCUPIED_OTHER,OCCUPIED_UA_TEXT,EVENT_FORM_UNRESOLVED,NO_DECISIVE_EVENT_FORM_CUE,,P5_OCCUPIED_UA_OTHER,TRUE,,UNIQUE_EXACT_REPORT_LEVEL,195646,NO_EXACT_REPORT_DUPLICATE,PENDING,UNKNOWN,NO_DECISIVE_SCOPE_TEXT,EVENT_FORM_UNRESOLVED,NO_DECISIVE_EVENT_FORM_CUE,R5_SCOPE_UNKNOWN,H2_UA_ACTOR_RUSSIA_LOCATION_REVIEW,UA_ACTOR_PLUS_RUSSIA_SUSPECT_LOCATION_METHOD,,TRUE,FALSE,TRUE,FALSE,TRUE
62143,20220429,9,145388|145390,militarnyy,https://mil.in.ua/uk/news/bezpilotnyk-pidirvav-naftobazu-u-sevastopoli/,FUEL_STORAGE_TERMINAL,нафтобаз,Безпілот|пожеж,694423,Sevastopol,Sevastopol',Lenins'kyi,33.5229142,44.6010512,REVIEW,REVIEW_DISPUTED_CRIMEA,,,,a_ukr_init_b,,a_ukr_b,0,a_rus_init_b,,a_rus_b,0,україн,,"Безпілотник підірвав нафтобазу у Севастополі. В окупованому Севастополі горить нафтобаза біля Козачої бухти. За оцінками окупаційної адміністрації українського міста площа пожежі - 1000 кв. ... || Безпілотник підірвав нафтобазу у Севастополі. В окупованому Севастополі горить нафтобаза біля Козачої бухти. За оцінками окупаційної адміністрації українського міста, площа пожежі - 1000 кв....",REVIEW_LOCATION_AMBIGUOUS,REVIEW_DISPUTED_CRIMEA,FALSE,CRIMEA_SEVASTOPOL,CRIMEA_TEXT,EVENT_FORM_UNRESOLVED,NO_DECISIVE_EVENT_FORM_CUE,,P4_CRIMEA,TRUE,,UNIQUE_EXACT_REPORT_LEVEL,62143,NO_EXACT_REPORT_DUPLICATE,PENDING,UNKNOWN,NO_DECISIVE_SCOPE_TEXT,EVENT_FORM_UNRESOLVED,NO_DECISIVE_EVENT_FORM_CUE,R5_SCOPE_UNKNOWN,H3_UA_ACTOR_NO_CLEAR_UA_GEO,UA_ACTOR_WITHOUT_CLEAR_UKRAINE_OR_CRIMEA_ADM1,,TRUE,FALSE,FALSE,FALSE,FALSE
81921,20220513,2,154192,ntv,https://www.ntv.ru/novosti/2705567/,DEFENSE_INDUSTRY|REFINING_PETROCHEM_GAS,военная операция России В Полтавской области высокоточным оружием уничтожены производственные мощности нефтеперерабатывающего завод|нефтеперерабат,удар|уничтож,696643,Poltava,Poltava,Poltavs'ka,34.551245,49.589531,REVIEW,REVIEW_NAME_ONLY_RU_SUPPORT,,,Poltava,a_ukr_init_b,,a_ukr_b,0,a_rus_init_b,,a_rus_b,0,ВСУ,,МО РФ: российская армия нанесла удар по заводу и резервуарам с топливом для ВСУ под Полтавой — Специальная военная операция России В Полтавской области высокоточным оружием уничтожены производственные мощности нефтеперерабатывающего завода и резервуары с топливом для ВСУ. Об этом сообщил официальный представитель Минобороны РФ Игорь Конашенков.,REVIEW_LOCATION_AMBIGUOUS,REVIEW_NAME_ONLY_RU_SUPPORT,FALSE,UNKNOWN,NO_DECISIVE_SCOPE_TEXT,EVENT_FORM_UNRESOLVED,NO_DECISIVE_EVENT_FORM_CUE,,P6_SCOPE_UNKNOWN,TRUE,,UNIQUE_EXACT_REPORT_LEVEL,81921,NO_EXACT_REPORT_DUPLICATE,PENDING,UNKNOWN,NO_DECISIVE_SCOPE_TEXT,EVENT_FORM_UNRESOLVED,NO_DECISIVE_EVENT_FORM_CUE,R5_SCOPE_UNKNOWN,H2_UA_ACTOR_RUSSIA_LOCATION_REVIEW,UA_ACTOR_PLUS_RUSSIA_SUSPECT_LOCATION_METHOD,,TRUE,FALSE,TRUE,FALSE,TRUE
85815,20220517,1,65523,liveuamap,https://t.me/hueviykharkov/60325,AMMUNITION_ARSENAL,склади російських боєприпас,знищ,697503,Peski,Kharkiv,Iziums'kyi,37.24713,49.18774,REVIEW,REVIEW_NAME_ONLY_RU_SUPPORT,,,Peski,a_ukr_init_b,,a_ukr_b,0,a_rus_init_b,,a_rus_b,0,Збройн|Україн,,Збройні сили України знищили склади російських боєприпасів поблизу Ізюма та на Херсонщині,REVIEW_LOCATION_AMBIGUOUS,REVIEW_NAME_ONLY_RU_SUPPORT,FALSE,UKRAINE_OCCUPIED_OTHER,OCCUPIED_UA_TEXT,EVENT_FORM_UNRESOLVED,NO_DECISIVE_EVENT_FORM_CUE,EXACT2022-0015,P5_OCCUPIED_UA_OTHER,TRUE,EXACT2022-0015,CANONICAL,85815,EXACT_SOURCE_URL_AND_REPRESENTATIVE_TEXT,PENDING,UNKNOWN,NO_DECISIVE_SCOPE_TEXT,EVENT_FORM_UNRESOLVED,NO_DECISIVE_EVENT_FORM_CUE,R5_SCOPE_UNKNOWN,H2_UA_ACTOR_RUSSIA_LOCATION_REVIEW,UA_ACTOR_PLUS_RUSSIA_SUSPECT_LOCATION_METHOD,,TRUE,FALSE,TRUE,FALSE,TRUE
195929,20220518,1,1753411,liveuamap,https://t.me/UkraineNow/11817,STRATEGIC_AIRBASE,аеродром,удар,706448,Kherson,Kherson,Khersons'ka,32.614962,46.640319,REVIEW,REVIEW_NAME_ONLY_RU_SUPPORT,,,Kherson,a_ukr_init_b,,a_ukr_b,1,a_rus_init_b,,a_rus_b,0,Україн,,"Українська авіація та артилерія завдали 100 ударів по позиціях Росії в Херсонській області, в тому числі по аеродромі Чорнобаївка",REVIEW_LOCATION_AMBIGUOUS,REVIEW_NAME_ONLY_RU_SUPPORT,FALSE,UKRAINE_OCCUPIED_OTHER,OCCUPIED_UA_TEXT,EVENT_FORM_UNRESOLVED,NO_DECISIVE_EVENT_FORM_CUE,,P5_OCCUPIED_UA_OTHER,TRUE,,UNIQUE_EXACT_REPORT_LEVEL,195929,NO_EXACT_REPORT_DUPLICATE,PENDING,UNKNOWN,NO_DECISIVE_SCOPE_TEXT,EVENT_FORM_UNRESOLVED,NO_DECISIVE_EVENT_FORM_CUE,R5_SCOPE_UNKNOWN,H2_UA_ACTOR_RUSSIA_LOCATION_REVIEW,UA_ACTOR_PLUS_RUSSIA_SUSPECT_LOCATION_METHOD,,TRUE,FALSE,TRUE,FALSE,TRUE
196171,20220608,1,1756238,liveuamap,https://t.me/lumsrc/1710,AMMUNITION_ARSENAL,арсенал,удар,706448,Kherson,Kherson,Khersons'ka,32.614962,46.640319,REVIEW,REVIEW_NAME_ONLY_RU_SUPPORT,,,Kherson,a_ukr_init_b,,a_ukr_b,1,a_rus_init_b,,a_rus_b,0,ЗСУ|Україн,,"Українські гелікоптери завдали авіаударів по зборах російських військ у Херсонській області, а військові літаки – по арсеналах боєприпасів у Миколаївській області, – йдеться у ранковому звіті Генштабу ЗСУ.",REVIEW_LOCATION_AMBIGUOUS,REVIEW_NAME_ONLY_RU_SUPPORT,FALSE,UKRAINE_OCCUPIED_OTHER,OCCUPIED_UA_TEXT,EVENT_FORM_UNRESOLVED,NO_DECISIVE_EVENT_FORM_CUE,EXACT2022-0017,P5_OCCUPIED_UA_OTHER,TRUE,EXACT2022-0017,CANONICAL,196171,EXACT_SOURCE_URL_AND_REPRESENTATIVE_TEXT,PENDING,UNKNOWN,NO_DECISIVE_SCOPE_TEXT,EVENT_FORM_UNRESOLVED,NO_DECISIVE_EVENT_FORM_CUE,R5_SCOPE_UNKNOWN,H2_UA_ACTOR_RUSSIA_LOCATION_REVIEW,UA_ACTOR_PLUS_RUSSIA_SUSPECT_LOCATION_METHOD,,TRUE,FALSE,TRUE,FALSE,TRUE
256059,20220614,2,256147,ria,https://ria.ru/20220614/kalibr-1795145056.html,AMMUNITION_ARSENAL,арсенал,Ракет|уничтож,710735,Chernihiv,Chernihiv,Chernihivs'ka,31.298652,51.491007,REVIEW,REVIEW_COORDINATE_NEAR_RU,16.908,491522,Snov,a_ukr_init_b,,a_ukr_b,0,a_rus_init_b,,a_rus_b,0,украин,,"Ракеты """"""""""""""""Калибр"""""""""""""""" уничтожили арсенал украинских войск в Черниговской области",REVIEW_LOCATION_AMBIGUOUS,REVIEW_COORDINATE_NEAR_RU,FALSE,UNKNOWN,NO_DECISIVE_SCOPE_TEXT,EVENT_FORM_UNRESOLVED,NO_DECISIVE_EVENT_FORM_CUE,,P6_SCOPE_UNKNOWN,TRUE,,UNIQUE_EXACT_REPORT_LEVEL,256059,NO_EXACT_REPORT_DUPLICATE,PENDING,UNKNOWN,NO_DECISIVE_SCOPE_TEXT,EVENT_FORM_UNRESOLVED,NO_DECISIVE_EVENT_FORM_CUE,R5_SCOPE_UNKNOWN,H2_UA_ACTOR_RUSSIA_LOCATION_REVIEW,UA_ACTOR_PLUS_RUSSIA_SUSPECT_LOCATION_METHOD,,TRUE,FALSE,TRUE,FALSE,TRUE
102406,20220619,1,37839,interfaxua,https://interfax.com.ua/news/general/840164.html,FUEL_STORAGE_TERMINAL,нафтобаз,вибух,699445,Novomoskovsk,Dnipropetrovs'k,Novomoskovs'kyi,35.2588714,48.6379626,REVIEW,REVIEW_NAME_ONLY_RU_SUPPORT,,,Novomoskovsk,a_ukr_init_b,,a_ukr_b,1,a_rus_init_b,,a_rus_b,0,,,"Внаслідок обстрілу нафтобази в Новомосковському районі вибухнув резервуар із паливом, постраждали 13 осіб",REVIEW_LOCATION_AMBIGUOUS,REVIEW_NAME_ONLY_RU_SUPPORT,FALSE,UNKNOWN,NO_DECISIVE_SCOPE_TEXT,EVENT_FORM_UNRESOLVED,NO_DECISIVE_EVENT_FORM_CUE,,P6_SCOPE_UNKNOWN,TRUE,,UNIQUE_EXACT_REPORT_LEVEL,102406,NO_EXACT_REPORT_DUPLICATE,PENDING,UNKNOWN,NO_DECISIVE_SCOPE_TEXT,EVENT_FORM_UNRESOLVED,NO_DECISIVE_EVENT_FORM_CUE,R5_SCOPE_UNKNOWN,H2_UA_ACTOR_RUSSIA_LOCATION_REVIEW,UA_ACTOR_PLUS_RUSSIA_SUSPECT_LOCATION_METHOD,,TRUE,FALSE,TRUE,FALSE,TRUE
196496,20220629,1,38237,interfaxua,https://interfax.com.ua/news/general/842410.html,AMMUNITION_ARSENAL,склади боєприпас,знищ|удар,706448,Kherson,Kherson,Khersons'ka,32.614962,46.640319,REVIEW,REVIEW_NAME_ONLY_RU_SUPPORT,,,Kherson,a_ukr_init_b,,a_ukr_b,0,a_rus_init_b,,a_rus_b,0,Україн,,"Українські військові завдали удару по російських окупантах на кордоні Миколаївської та Херсонської областей, знищено 22 загарбників і два склади боєприпасів",REVIEW_LOCATION_AMBIGUOUS,REVIEW_NAME_ONLY_RU_SUPPORT,FALSE,UKRAINE_OCCUPIED_OTHER,OCCUPIED_UA_TEXT,EVENT_FORM_UNRESOLVED,NO_DECISIVE_EVENT_FORM_CUE,,P5_OCCUPIED_UA_OTHER,TRUE,,UNIQUE_EXACT_REPORT_LEVEL,196496,NO_EXACT_REPORT_DUPLICATE,PENDING,UNKNOWN,NO_DECISIVE_SCOPE_TEXT,EVENT_FORM_UNRESOLVED,NO_DECISIVE_EVENT_FORM_CUE,R5_SCOPE_UNKNOWN,H2_UA_ACTOR_RUSSIA_LOCATION_REVIEW,UA_ACTOR_PLUS_RUSSIA_SUSPECT_LOCATION_METHOD,,TRUE,FALSE,TRUE,FALSE,TRUE
236555,20220702,1,1759529,liveuamap,https://t.me/lumsrc/2006,REFINING_PETROCHEM_GAS,НПЗ,удар,709717,Donetsk,Donets'k,Donets'ka,37.80285,48.015884,REVIEW,REVIEW_NAME_ONLY_RU_SUPPORT,,,Donetsk,a_ukr_init_b,,a_ukr_b,0,a_rus_init_b,,a_rus_b,1,ЗСУ,,"На Донецькому напрямку російські війська намагаються блокувати Лисичанськ і захопити трасу Лисичанськ-Бахмут. Російська артилерія обстріляла Лисичанськ, Верхньокам'янку та Сіверськ. Російська авіація завдала авіаудару поблизу Вовчоярівки. Тривають штурми Верхньокам'янки та Лисичанського НПЗ, – йдеться у ранковому звіті Генштабу ЗСУ.",REVIEW_LOCATION_AMBIGUOUS,REVIEW_NAME_ONLY_RU_SUPPORT,FALSE,UKRAINE_OCCUPIED_OTHER,OCCUPIED_UA_TEXT,EVENT_FORM_UNRESOLVED,NO_DECISIVE_EVENT_FORM_CUE,EXACT2022-0024,P5_OCCUPIED_UA_OTHER,TRUE,EXACT2022-0024,CANONICAL,236555,EXACT_SOURCE_URL_AND_REPRESENTATIVE_TEXT,PENDING,UNKNOWN,NO_DECISIVE_SCOPE_TEXT,EVENT_FORM_UNRESOLVED,NO_DECISIVE_EVENT_FORM_CUE,R5_SCOPE_UNKNOWN,H2_UA_ACTOR_RUSSIA_LOCATION_REVIEW,UA_ACTOR_PLUS_RUSSIA_SUSPECT_LOCATION_METHOD,,TRUE,TRUE,TRUE,FALSE,TRUE
329159,20220702,1,1626825,meduza,https://t.me/msgazdiev/970?single,AMMUNITION_ARSENAL,"склад селитры, украинские военные уверены, что уничтожили склад боеприпас",уничтож,9115547,Druzhba,Luhans'k,Popasnians'kyi,38.297586,48.643014,REVIEW,REVIEW_NAME_ONLY_RU_SUPPORT,,,Druzhba,a_ukr_init_b,,a_ukr_b,1,a_rus_init_b,,a_rus_b,0,украин,,"Большая воронка в поселке Дружба рядом с Попасной. Власти ЛНР сообщают, что украинский снаряд попал в склад селитры, украинские военные уверены, что уничтожили склад боеприпасов.",REVIEW_LOCATION_AMBIGUOUS,REVIEW_NAME_ONLY_RU_SUPPORT,FALSE,UNKNOWN,NO_DECISIVE_SCOPE_TEXT,EVENT_FORM_UNRESOLVED,NO_DECISIVE_EVENT_FORM_CUE,,P6_SCOPE_UNKNOWN,TRUE,,UNIQUE_EXACT_REPORT_LEVEL,329159,NO_EXACT_REPORT_DUPLICATE,PENDING,UNKNOWN,NO_DECISIVE_SCOPE_TEXT,EVENT_FORM_UNRESOLVED,NO_DECISIVE_EVENT_FORM_CUE,R5_SCOPE_UNKNOWN,H2_UA_ACTOR_RUSSIA_LOCATION_REVIEW,UA_ACTOR_PLUS_RUSSIA_SUSPECT_LOCATION_METHOD,,TRUE,FALSE,TRUE,FALSE,TRUE
196584,20220706,1,326582,espreso,https://espreso.tv/partizani-znishchili-vorozhiy-sklad-boepripasiv-u-khersoni-i-zapisali-poslannya-okupantam-tsaplienko,AMMUNITION_ARSENAL,склад боєприпас,знищ,706448,Kherson,Kherson,Khersons'ka,32.614962,46.640319,REVIEW,REVIEW_NAME_ONLY_RU_SUPPORT,,,Kherson,a_ukr_init_b,,a_ukr_b,1,a_rus_init_b,,a_rus_b,0,,,Партизани знищили ворожий склад боєприпасів у Херсоні і записали послання окупантам,REVIEW_LOCATION_AMBIGUOUS,REVIEW_NAME_ONLY_RU_SUPPORT,FALSE,UKRAINE_OCCUPIED_OTHER,OCCUPIED_UA_TEXT,EVENT_FORM_UNRESOLVED,NO_DECISIVE_EVENT_FORM_CUE,,P5_OCCUPIED_UA_OTHER,TRUE,,UNIQUE_EXACT_REPORT_LEVEL,196584,NO_EXACT_REPORT_DUPLICATE,PENDING,UNKNOWN,NO_DECISIVE_SCOPE_TEXT,EVENT_FORM_UNRESOLVED,NO_DECISIVE_EVENT_FORM_CUE,R5_SCOPE_UNKNOWN,H2_UA_ACTOR_RUSSIA_LOCATION_REVIEW,UA_ACTOR_PLUS_RUSSIA_SUSPECT_LOCATION_METHOD,,TRUE,FALSE,TRUE,FALSE,TRUE
196688,20220712,1,1665500,pravdaua,https://www.pravda.com.ua/news/2022/07/12/7357745/,AMMUNITION_ARSENAL,складів у Новій Каховці ЗСУ завдали удару по Чарівному на Херсонщині. Після ураження складів із боєприпасами у Новій Каховці 11 липня було завдано удару по російському склад боєприпас,удар,706448,Kherson,Kherson,Khersons'ka,32.614962,46.640319,REVIEW,REVIEW_NAME_ONLY_RU_SUPPORT,,,Kherson,a_ukr_init_b,,a_ukr_b,1,a_rus_init_b,,a_rus_b,0,ЗСУ,,Після ураження складів у Новій Каховці ЗСУ завдали удару по Чарівному на Херсонщині. Після ураження складів із боєприпасами у Новій Каховці 11 липня було завдано удару по російському склад боєприпасів в Чарівному Херсонської області.,REVIEW_LOCATION_AMBIGUOUS,REVIEW_NAME_ONLY_RU_SUPPORT,FALSE,UKRAINE_OCCUPIED_OTHER,OCCUPIED_UA_TEXT,EVENT_FORM_UNRESOLVED,NO_DECISIVE_EVENT_FORM_CUE,,P5_OCCUPIED_UA_OTHER,TRUE,,UNIQUE_EXACT_REPORT_LEVEL,196688,NO_EXACT_REPORT_DUPLICATE,PENDING,UNKNOWN,NO_DECISIVE_SCOPE_TEXT,EVENT_FORM_UNRESOLVED,NO_DECISIVE_EVENT_FORM_CUE,R5_SCOPE_UNKNOWN,H2_UA_ACTOR_RUSSIA_LOCATION_REVIEW,UA_ACTOR_PLUS_RUSSIA_SUSPECT_LOCATION_METHOD,,TRUE,FALSE,TRUE,FALSE,TRUE
196824,20220721,1,1703914,unian,https://www.unian.ua/war/zsu-znishchili-komandniy-punkt-rf-i-shist-skladiv-boyepripasiv-v-hersonskiy-oblasti-novini-vtorgnennya-rosiji-v-ukrajinu-11910972.html,AMMUNITION_ARSENAL,складів боєприпас,знищ,706448,Kherson,Kherson,Khersons'ka,32.614962,46.640319,REVIEW,REVIEW_NAME_ONLY_RU_SUPPORT,,,Kherson,a_ukr_init_b,,a_ukr_b,1,a_rus_init_b,,a_rus_b,0,ЗСУ,,ЗСУ знищили командний пункт росіян і шість складів боєприпасів в Херсонській області,REVIEW_LOCATION_AMBIGUOUS,REVIEW_NAME_ONLY_RU_SUPPORT,FALSE,UKRAINE_OCCUPIED_OTHER,OCCUPIED_UA_TEXT,EVENT_FORM_UNRESOLVED,NO_DECISIVE_EVENT_FORM_CUE,,P5_OCCUPIED_UA_OTHER,TRUE,,UNIQUE_EXACT_REPORT_LEVEL,196824,NO_EXACT_REPORT_DUPLICATE,PENDING,UNKNOWN,NO_DECISIVE_SCOPE_TEXT,EVENT_FORM_UNRESOLVED,NO_DECISIVE_EVENT_FORM_CUE,R5_SCOPE_UNKNOWN,H2_UA_ACTOR_RUSSIA_LOCATION_REVIEW,UA_ACTOR_PLUS_RUSSIA_SUSPECT_LOCATION_METHOD,,TRUE,FALSE,TRUE,FALSE,TRUE
196993,20220729,3,185295,nv,https://nv.ua/ukr/ukraine/events/v-hersonskiy-oblasti-za-dobu-znishchili-chotiri-skladi-okupantiv-novini-ukrajini-50259657.html,AMMUNITION_ARSENAL,склади боєприпас,знищ,706448,Kherson,Kherson,Khersons'ka,32.614962,46.640319,REVIEW,REVIEW_NAME_ONLY_RU_SUPPORT,,,Kherson,a_ukr_init_b,,a_ukr_b,0,a_rus_init_b,,a_rus_b,0,ЗСУ,,ЗСУ знищили чотири ворожих склади боєприпасів в Херсонській області,REVIEW_LOCATION_AMBIGUOUS,REVIEW_NAME_ONLY_RU_SUPPORT,FALSE,UKRAINE_OCCUPIED_OTHER,OCCUPIED_UA_TEXT,EVENT_FORM_UNRESOLVED,NO_DECISIVE_EVENT_FORM_CUE,,P5_OCCUPIED_UA_OTHER,TRUE,,UNIQUE_EXACT_REPORT_LEVEL,196993,NO_EXACT_REPORT_DUPLICATE,PENDING,UNKNOWN,NO_DECISIVE_SCOPE_TEXT,EVENT_FORM_UNRESOLVED,NO_DECISIVE_EVENT_FORM_CUE,R5_SCOPE_UNKNOWN,H2_UA_ACTOR_RUSSIA_LOCATION_REVIEW,UA_ACTOR_PLUS_RUSSIA_SUSPECT_LOCATION_METHOD,,TRUE,FALSE,TRUE,FALSE,TRUE
197115,20220805,1,1666844,pravdaua,https://www.pravda.com.ua/news/2022/08/5/7361939/,AMMUNITION_ARSENAL,склад боєприпасів в Херсоні. ЗСУ знищили три склади з боєприпас,знищ,706448,Kherson,Kherson,Khersons'ka,32.614962,46.640319,REVIEW,REVIEW_NAME_ONLY_RU_SUPPORT,,,Kherson,a_ukr_init_b,,a_ukr_b,1,a_rus_init_b,,a_rus_b,0,ЗСУ,,"ЗСУ знищили російський склад боєприпасів в Херсоні. ЗСУ знищили три склади з боєприпасами в Херсоні, Придніпровському та Токарівці.",REVIEW_LOCATION_AMBIGUOUS,REVIEW_NAME_ONLY_RU_SUPPORT,FALSE,UKRAINE_OCCUPIED_OTHER,OCCUPIED_UA_TEXT,EVENT_FORM_UNRESOLVED,NO_DECISIVE_EVENT_FORM_CUE,,P5_OCCUPIED_UA_OTHER,TRUE,,UNIQUE_EXACT_REPORT_LEVEL,197115,NO_EXACT_REPORT_DUPLICATE,PENDING,UNKNOWN,NO_DECISIVE_SCOPE_TEXT,EVENT_FORM_UNRESOLVED,NO_DECISIVE_EVENT_FORM_CUE,R5_SCOPE_UNKNOWN,H2_UA_ACTOR_RUSSIA_LOCATION_REVIEW,UA_ACTOR_PLUS_RUSSIA_SUSPECT_LOCATION_METHOD,,TRUE,FALSE,TRUE,FALSE,TRUE
197132,20220806,1,39689,interfaxua,https://interfax.com.ua/news/general/850998.html,AMMUNITION_ARSENAL,склад боєприпас,знищ|удар,706448,Kherson,Kherson,Khersons'ka,32.614962,46.640319,REVIEW,REVIEW_NAME_ONLY_RU_SUPPORT,,,Kherson,a_ukr_init_b,,a_ukr_b,0,a_rus_init_b,,a_rus_b,1,Україн,,"Українські підрозділи завдали ударів на Херсонському та Донецькому напрямках, знищено 30 окупантів і склад боєприпасів",REVIEW_LOCATION_AMBIGUOUS,REVIEW_NAME_ONLY_RU_SUPPORT,FALSE,UKRAINE_OCCUPIED_OTHER,OCCUPIED_UA_TEXT,EVENT_FORM_UNRESOLVED,NO_DECISIVE_EVENT_FORM_CUE,EXACT2022-0034,P5_OCCUPIED_UA_OTHER,TRUE,EXACT2022-0034,CANONICAL,197132,EXACT_SOURCE_URL_AND_REPRESENTATIVE_TEXT,PENDING,UNKNOWN,NO_DECISIVE_SCOPE_TEXT,EVENT_FORM_UNRESOLVED,NO_DECISIVE_EVENT_FORM_CUE,R5_SCOPE_UNKNOWN,H2_UA_ACTOR_RUSSIA_LOCATION_REVIEW,UA_ACTOR_PLUS_RUSSIA_SUSPECT_LOCATION_METHOD,,TRUE,TRUE,TRUE,FALSE,TRUE
197202,20220812,7,186182,nv,https://nv.ua/ukr/ukraine/events/u-hersonskiy-oblasti-znishchili-sklad-boyepripasiv-novini-ukrajini-50262757.html,AMMUNITION_ARSENAL,склад боєприпас,знищ,706448,Kherson,Kherson,Khersons'ka,32.614962,46.640319,REVIEW,REVIEW_NAME_ONLY_RU_SUPPORT,,,Kherson,a_ukr_init_b,,a_ukr_b,0,a_rus_init_b,,a_rus_b,0,ЗСУ,,ЗСУ знищили ворожий склад боєприпасів у Херсонській області — ОК Південь,REVIEW_LOCATION_AMBIGUOUS,REVIEW_NAME_ONLY_RU_SUPPORT,FALSE,UKRAINE_OCCUPIED_OTHER,OCCUPIED_UA_TEXT,EVENT_FORM_UNRESOLVED,NO_DECISIVE_EVENT_FORM_CUE,,P5_OCCUPIED_UA_OTHER,TRUE,,UNIQUE_EXACT_REPORT_LEVEL,197202,NO_EXACT_REPORT_DUPLICATE,PENDING,UNKNOWN,NO_DECISIVE_SCOPE_TEXT,EVENT_FORM_UNRESOLVED,NO_DECISIVE_EVENT_FORM_CUE,R5_SCOPE_UNKNOWN,H2_UA_ACTOR_RUSSIA_LOCATION_REVIEW,UA_ACTOR_PLUS_RUSSIA_SUSPECT_LOCATION_METHOD,,TRUE,FALSE,TRUE,FALSE,TRUE
37858,20220820,2,421160|421161,nv,https://nv.ua/ukr/world/countries/nastup-zsu-na-tokmak-i-robotine-mapa-boyovih-diy-20-serpnya-2023-novini-ukrajini-50347575.html,STRATEGIC_AIRBASE,авіабаз,удар,691469,Tokmak,Zaporizhzhya,Tokmats'kyi,35.709191,47.255103,REVIEW,REVIEW_NAME_ONLY_RU_SUPPORT,,,Tokmak,a_ukr_init_b,,a_ukr_b,0,a_rus_init_b,,a_rus_b,0,ЗСУ,,"Що означають дані про прорив ЗСУ в напрямку Токмака і які літаки РФ міг пошкодити удар по авіабазі Сольці - ISW || Що означають дані про прорив ЗСУ в напрямку Токмаку, і які літаки РФ міг пошкодити удар по авіабазі Сольці — ISW",REVIEW_LOCATION_AMBIGUOUS,REVIEW_NAME_ONLY_RU_SUPPORT,FALSE,UNKNOWN,NO_DECISIVE_SCOPE_TEXT,EVENT_FORM_UNRESOLVED,NO_DECISIVE_EVENT_FORM_CUE,,P6_SCOPE_UNKNOWN,TRUE,,UNIQUE_EXACT_REPORT_LEVEL,37858,NO_EXACT_REPORT_DUPLICATE,PENDING,UNKNOWN,NO_DECISIVE_SCOPE_TEXT,EVENT_FORM_UNRESOLVED,NO_DECISIVE_EVENT_FORM_CUE,R5_SCOPE_UNKNOWN,H2_UA_ACTOR_RUSSIA_LOCATION_REVIEW,UA_ACTOR_PLUS_RUSSIA_SUSPECT_LOCATION_METHOD,,TRUE,FALSE,TRUE,FALSE,TRUE
197329,20220823,8,186930,nv,https://nv.ua/ukr/ukraine/events/u-hersonskiy-oblasti-znishcheno-vorozhi-skladi-ta-komandni-punkti-novini-ukrajini-50265081.html,AMMUNITION_ARSENAL,склади боєприпас,знищ,706448,Kherson,Kherson,Khersons'ka,32.614962,46.640319,REVIEW,REVIEW_NAME_ONLY_RU_SUPPORT,,,Kherson,a_ukr_init_b,,a_ukr_b,0,a_rus_init_b,,a_rus_b,0,ЗСУ,,У Херсонській області ЗСУ знищили ворожі склади боєприпасів та командні пункти — ОК Південь,REVIEW_LOCATION_AMBIGUOUS,REVIEW_NAME_ONLY_RU_SUPPORT,FALSE,UKRAINE_OCCUPIED_OTHER,OCCUPIED_UA_TEXT,EVENT_FORM_UNRESOLVED,NO_DECISIVE_EVENT_FORM_CUE,,P5_OCCUPIED_UA_OTHER,TRUE,,UNIQUE_EXACT_REPORT_LEVEL,197329,NO_EXACT_REPORT_DUPLICATE,PENDING,UNKNOWN,NO_DECISIVE_SCOPE_TEXT,EVENT_FORM_UNRESOLVED,NO_DECISIVE_EVENT_FORM_CUE,R5_SCOPE_UNKNOWN,H2_UA_ACTOR_RUSSIA_LOCATION_REVIEW,UA_ACTOR_PLUS_RUSSIA_SUSPECT_LOCATION_METHOD,,TRUE,FALSE,TRUE,FALSE,TRUE
197535,20220902,2,1668376,pravdaua,https://www.pravda.com.ua/news/2022/09/2/7365759/,AMMUNITION_ARSENAL,складів і вдарили по переправі. ЗСУ на півдні знищили 5 російських складів боєприпас,безпілот|знищ,706448,Kherson,Kherson,Khersons'ka,32.614962,46.640319,REVIEW,REVIEW_NAME_ONLY_RU_SUPPORT,,,Kherson,a_ukr_init_b,,a_ukr_b,1,a_rus_init_b,,a_rus_b,0,ЗСУ,,"ОК """"Південь"""": ЗСУ знищили п'ять російських складів і вдарили по переправі. ЗСУ на півдні знищили 5 російських складів боєприпасів в Баштанському, Бериславському та Херсонському районах, також уражені пункт управління безпілотниками в районі Правдиного та поромна переправа біля Козацького.",REVIEW_LOCATION_AMBIGUOUS,REVIEW_NAME_ONLY_RU_SUPPORT,FALSE,UKRAINE_OCCUPIED_OTHER,OCCUPIED_UA_TEXT,FRESH_ATTACK_WORDING,FRESH_ATTACK_CUE,,P5_OCCUPIED_UA_OTHER,TRUE,,UNIQUE_EXACT_REPORT_LEVEL,197535,NO_EXACT_REPORT_DUPLICATE,PENDING,UNKNOWN,NO_DECISIVE_SCOPE_TEXT,FRESH_ATTACK_WORDING,FRESH_ATTACK_CUE,R5_SCOPE_UNKNOWN,H2_UA_ACTOR_RUSSIA_LOCATION_REVIEW,UA_ACTOR_PLUS_RUSSIA_SUSPECT_LOCATION_METHOD,,TRUE,FALSE,TRUE,FALSE,TRUE
104867,20220908,1,84160,liveuamap,https://t.me/lumsrc/2695,AMMUNITION_ARSENAL,складах боєприпас,удар,699681,Novo-Arkhangel'skoye,Kherson,Novovorontsovs'kyi,33.59769,47.33475,REVIEW,REVIEW_NAME_ONLY_RU_SUPPORT,,,Novo-Arkhangel'skoye,a_ukr_init_b,,a_ukr_b,0,a_rus_init_b,,a_rus_b,0,ЗСУ|Україн,,"Українська авіація завдала 27 авіаударів по російських базах, складах боєприпасів, командних пунктах і скупченнях військ і техніки, - йдеться в ранковому зведенні Генштабу ЗСУ.",REVIEW_LOCATION_AMBIGUOUS,REVIEW_NAME_ONLY_RU_SUPPORT,FALSE,UNKNOWN,NO_DECISIVE_SCOPE_TEXT,EVENT_FORM_UNRESOLVED,NO_DECISIVE_EVENT_FORM_CUE,EXACT2022-0063,P6_SCOPE_UNKNOWN,TRUE,EXACT2022-0063,CANONICAL,104867,EXACT_SOURCE_URL_AND_REPRESENTATIVE_TEXT,PENDING,UNKNOWN,NO_DECISIVE_SCOPE_TEXT,EVENT_FORM_UNRESOLVED,NO_DECISIVE_EVENT_FORM_CUE,R5_SCOPE_UNKNOWN,H2_UA_ACTOR_RUSSIA_LOCATION_REVIEW,UA_ACTOR_PLUS_RUSSIA_SUSPECT_LOCATION_METHOD,,TRUE,FALSE,TRUE,FALSE,TRUE
222625,20220910,1,1627605,meduza,https://twitter.com/bayraktar_1love/status/1568878637415559169,AMMUNITION_ARSENAL,"складу боеприпасов) в районе завода «Чумак» в Каховке (Херсонская область). Сообщается, что детонация боеприпас",удар,707244,Kakhovka,Kherson,Beryslavs'kyi,33.471696,46.797415,REVIEW,REVIEW_NAME_ONLY_RU_SUPPORT,,,Kakhovka,a_ukr_init_b,,a_ukr_b,1,a_rus_init_b,,a_rus_b,0,,твер,"Ночной удар (как утверждается - по крупному российскому складу боеприпасов) в районе завода «Чумак» в Каховке (Херсонская область). Сообщается, что детонация боеприпасов продолжалась около 5 часов.",REVIEW_LOCATION_AMBIGUOUS,REVIEW_NAME_ONLY_RU_SUPPORT,FALSE,CONFLICT_OR_COMPOSITE,OCCUPIED_UA_AND_RUSSIA_TEXT,EVENT_FORM_UNRESOLVED,NO_DECISIVE_EVENT_FORM_CUE,,P3_SCOPE_CONFLICT_COMPOSITE,TRUE,,UNIQUE_EXACT_REPORT_LEVEL,222625,NO_EXACT_REPORT_DUPLICATE,PENDING,UNKNOWN,NO_DECISIVE_SCOPE_TEXT,EVENT_FORM_UNRESOLVED,NO_DECISIVE_EVENT_FORM_CUE,R5_SCOPE_UNKNOWN,H2_UA_ACTOR_RUSSIA_LOCATION_REVIEW,UA_ACTOR_PLUS_RUSSIA_SUSPECT_LOCATION_METHOD,,TRUE,FALSE,TRUE,FALSE,TRUE
297831,20220911,1,84699,liveuamap,https://t.me/lumsrc/2735,AMMUNITION_ARSENAL,складах боєприпас,удар,713402,Andreyevskiye,Kherson,Velykooleksandrivs'kyi,33.21167,47.13649,REVIEW,REVIEW_NAME_ONLY_RU_SUPPORT,,,Andreyevskiye,a_ukr_init_b,,a_ukr_b,0,a_rus_init_b,,a_rus_b,0,ЗСУ|Україн,,"Українська авіація завдала 33 авіаудари по російських складах боєприпасів, техніці та пунктах збору військ, - йдеться в ранковому зведенні Генштабу ЗСУ",REVIEW_LOCATION_AMBIGUOUS,REVIEW_NAME_ONLY_RU_SUPPORT,FALSE,UNKNOWN,NO_DECISIVE_SCOPE_TEXT,EVENT_FORM_UNRESOLVED,NO_DECISIVE_EVENT_FORM_CUE,,P6_SCOPE_UNKNOWN,TRUE,,UNIQUE_EXACT_REPORT_LEVEL,297831,NO_EXACT_REPORT_DUPLICATE,PENDING,UNKNOWN,NO_DECISIVE_SCOPE_TEXT,EVENT_FORM_UNRESOLVED,NO_DECISIVE_EVENT_FORM_CUE,R5_SCOPE_UNKNOWN,H2_UA_ACTOR_RUSSIA_LOCATION_REVIEW,UA_ACTOR_PLUS_RUSSIA_SUSPECT_LOCATION_METHOD,,TRUE,FALSE,TRUE,FALSE,TRUE
218492,20221002,1,28282,24tvua,https://24tv.ua/zsu-vidbili-ataku-voroga-kozachu-lopan-yaka-situatsiya-fronti_n2169564,AMMUNITION_ARSENAL,склади з боєприпас,атак,706587,Kozacha Lopan,Kharkiv,Derhachivs'kyi,36.178633,50.33648,REVIEW,REVIEW_COORDINATE_NEAR_RU,6.369,541702,Krasnyy Khutor,a_ukr_init_b,,a_ukr_b,0,a_rus_init_b,,a_rus_b,0,ЗСУ,,"ЗСУ відбили атаку ворога на Козачу Лопань, уразили 8 командних пунктів і 3 склади з боєприпасами",REVIEW_LOCATION_AMBIGUOUS,REVIEW_COORDINATE_NEAR_RU,FALSE,UNKNOWN,NO_DECISIVE_SCOPE_TEXT,FRESH_ATTACK_WORDING,FRESH_ATTACK_CUE,,P6_SCOPE_UNKNOWN,TRUE,,UNIQUE_EXACT_REPORT_LEVEL,218492,NO_EXACT_REPORT_DUPLICATE,PENDING,UNKNOWN,NO_DECISIVE_SCOPE_TEXT,FRESH_ATTACK_WORDING,FRESH_ATTACK_CUE,R5_SCOPE_UNKNOWN,H2_UA_ACTOR_RUSSIA_LOCATION_REVIEW,UA_ACTOR_PLUS_RUSSIA_SUSPECT_LOCATION_METHOD,,TRUE,FALSE,TRUE,FALSE,TRUE
348491,20221007,7,1619408|1619443|1621921|1621932,militarnyy|nv,https://mil.in.ua/uk/news/naftobazu-u-feodosiyi-urazyly-raketni-vijska-zsu/|https://mil.in.ua/uk/news/u-feodosiyi-pislya-nichnoyi-ataky-droniv-zagorilasya-naftobaza/|https://nv.ua/ukr/ukraine/events/pozhezha-u-feodosiji-7-zhovtnya-pislya-ataki-bezpilotnikiv-gorit-naftobaza-shcho-vidomo-50456351.html|https://nv.ua/ukr/ukraine/events/sili-oboroni-vnochi-atakuvali-morskiy-naftoviy-terminal-v-okupovaniy-feodosiji-genshtab-zsu-50456365.html,FUEL_STORAGE_TERMINAL|PORT_EXPORT_LOGISTICS,Нафтобаз|морський нафтовий термінал|нафтобаз|нафтовий термінал,атак|дрон|ракет,,,,,35.383911,45.026654,REVIEW,REVIEW_DISPUTED_CRIMEA,,,,a_ukr_init_b,,a_ukr_b,0,a_rus_init_b,,a_rus_b,0,ЗСУ|Збройн|Україн,,"У Феодосії після нічної атаки дронів загорілася нафтобаза. У Феодосії в тимчасово окупованому Криму вночі 7 жовтня загорілася нафтобаза.  Про це повідомляють телеграм-канали і публікують відео від очевидц... || В окупованій Феодосії горить нафтобаза після атаки дронів — відео || Нафтобазу у Феодосії уразили ракетні війська ЗСУ. Нафтобазу у Феодосії в тимчасово окупованому Криму вночі 7 жовтня уразили підрозділи ракетних військ Збройних Сил України у взаємодії з іншими скла...",REVIEW_LOCATION_AMBIGUOUS,REVIEW_DISPUTED_CRIMEA,FALSE,CRIMEA_SEVASTOPOL,CRIMEA_TEXT,FRESH_WITH_FOLLOWUP_WORDING,FRESH_AND_FOLLOWUP_CUES,,P4_CRIMEA,TRUE,,UNIQUE_EXACT_REPORT_LEVEL,348491,NO_EXACT_REPORT_DUPLICATE,PENDING,UNKNOWN,NO_DECISIVE_SCOPE_TEXT,FRESH_WITH_FOLLOWUP_WORDING,FRESH_AND_FOLLOWUP_CUES,R5_SCOPE_UNKNOWN,H3_UA_ACTOR_NO_CLEAR_UA_GEO,UA_ACTOR_WITHOUT_CLEAR_UKRAINE_OR_CRIMEA_ADM1,,TRUE,FALSE,FALSE,FALSE,FALSE
198343,20221019,2,1670877,pravdaua,https://www.pravda.com.ua/news/2022/10/19/7372545/,AMMUNITION_ARSENAL,склади боєприпас,знищ,706448,Kherson,Kherson,Khersons'ka,32.614962,46.640319,REVIEW,REVIEW_NAME_ONLY_RU_SUPPORT,,,Kherson,a_ukr_init_b,,a_ukr_b,0,a_rus_init_b,,a_rus_b,1,ЗСУ|Збройн|україн,,"Херсонщина: ворожа ДРГ намагалась обійти позиції ЗСУ біля Нової Кам’янки – ОВА. Російські диверсанти намагалася обійти українські позиції поблизу Нової Кам’янки в Херсонській області, але відступили, у Бериславському районі Збройні сили України знищили два склади боєприпасів і штурмовий літак Су-25.",REVIEW_LOCATION_AMBIGUOUS,REVIEW_NAME_ONLY_RU_SUPPORT,FALSE,UKRAINE_OCCUPIED_OTHER,OCCUPIED_UA_TEXT,EVENT_FORM_UNRESOLVED,NO_DECISIVE_EVENT_FORM_CUE,,P5_OCCUPIED_UA_OTHER,TRUE,,UNIQUE_EXACT_REPORT_LEVEL,198343,NO_EXACT_REPORT_DUPLICATE,PENDING,UNKNOWN,NO_DECISIVE_SCOPE_TEXT,EVENT_FORM_UNRESOLVED,NO_DECISIVE_EVENT_FORM_CUE,R5_SCOPE_UNKNOWN,H2_UA_ACTOR_RUSSIA_LOCATION_REVIEW,UA_ACTOR_PLUS_RUSSIA_SUSPECT_LOCATION_METHOD,,TRUE,TRUE,TRUE,FALSE,TRUE
198406,20221021,1,1670975,pravdaua,https://www.pravda.com.ua/news/2022/10/21/7372880/,AMMUNITION_ARSENAL,"склади зброї. У Херсонській області ворожа авіація минулої доби завдала чотири удари неподалік сіл Нова Кам'янка й Трифонівка, а українські захисники знищили два склади боєприпас",знищ|удар,706448,Kherson,Kherson,Khersons'ka,32.614962,46.640319,REVIEW,REVIEW_NAME_ONLY_RU_SUPPORT,,,Kherson,a_ukr_init_b,,a_ukr_b,1,a_rus_init_b,,a_rus_b,1,ЗСУ|україн,,"Херсонщина: ворог із неба обстріляв два села, ЗСУ знищили два склади зброї. У Херсонській області ворожа авіація минулої доби завдала чотири удари неподалік сіл Нова Кам'янка й Трифонівка, а українські захисники знищили два склади боєприпасів російських окупантів.",REVIEW_LOCATION_AMBIGUOUS,REVIEW_NAME_ONLY_RU_SUPPORT,FALSE,UKRAINE_OCCUPIED_OTHER,OCCUPIED_UA_TEXT,EVENT_FORM_UNRESOLVED,NO_DECISIVE_EVENT_FORM_CUE,,P5_OCCUPIED_UA_OTHER,TRUE,,UNIQUE_EXACT_REPORT_LEVEL,198406,NO_EXACT_REPORT_DUPLICATE,PENDING,UNKNOWN,NO_DECISIVE_SCOPE_TEXT,EVENT_FORM_UNRESOLVED,NO_DECISIVE_EVENT_FORM_CUE,R5_SCOPE_UNKNOWN,H2_UA_ACTOR_RUSSIA_LOCATION_REVIEW,UA_ACTOR_PLUS_RUSSIA_SUSPECT_LOCATION_METHOD,,TRUE,TRUE,TRUE,FALSE,TRUE
174133,20221105,1,162020,ntv,https://www.ntv.ru/novosti/2731407/,AMMUNITION_ARSENAL,складе — Специальная военная операция России Появились первые кадры с места взрывов на украинском складе боеприпас,взрыв,704422,Pokrovsk,Donets'k,Krasnoarmiis'kyi,37.175601,48.280351,REVIEW,REVIEW_NAME_ONLY_RU_SUPPORT,,,Pokrovsk,a_ukr_init_b,,a_ukr_b,0,a_rus_init_b,,a_rus_b,0,украин,,СМИ: в подконтрольном Киеву Красноармейске произошел взрыв на военном складе — Специальная военная операция России Появились первые кадры с места взрывов на украинском складе боеприпасов в Красноармейске (Покровске).,REVIEW_LOCATION_AMBIGUOUS,REVIEW_NAME_ONLY_RU_SUPPORT,FALSE,UNKNOWN,NO_DECISIVE_SCOPE_TEXT,EVENT_FORM_UNRESOLVED,NO_DECISIVE_EVENT_FORM_CUE,EXACT2022-0075,P6_SCOPE_UNKNOWN,TRUE,EXACT2022-0075,CANONICAL,174133,EXACT_SOURCE_URL_AND_REPRESENTATIVE_TEXT,PENDING,UNKNOWN,NO_DECISIVE_SCOPE_TEXT,EVENT_FORM_UNRESOLVED,NO_DECISIVE_EVENT_FORM_CUE,R5_SCOPE_UNKNOWN,H2_UA_ACTOR_RUSSIA_LOCATION_REVIEW,UA_ACTOR_PLUS_RUSSIA_SUSPECT_LOCATION_METHOD,,TRUE,FALSE,TRUE,FALSE,TRUE
198770,20221105,21,42827,interfaxua,https://interfax.com.ua/news/general/870269.html,AMMUNITION_ARSENAL,склади боєприпас,знищ,706448,Kherson,Kherson,Khersons'ka,32.614962,46.640319,REVIEW,REVIEW_NAME_ONLY_RU_SUPPORT,,,Kherson,a_ukr_init_b,,a_ukr_b,0,a_rus_init_b,,a_rus_b,0,Україн,,За добу на південному напрямку ЗС України знищили чотири зенітні та артилерійські установки та три склади боєприпасів противника у Бериславському та Херсонському районах,REVIEW_LOCATION_AMBIGUOUS,REVIEW_NAME_ONLY_RU_SUPPORT,FALSE,UKRAINE_OCCUPIED_OTHER,OCCUPIED_UA_TEXT,EVENT_FORM_UNRESOLVED,NO_DECISIVE_EVENT_FORM_CUE,,P5_OCCUPIED_UA_OTHER,TRUE,,UNIQUE_EXACT_REPORT_LEVEL,198770,NO_EXACT_REPORT_DUPLICATE,PENDING,UNKNOWN,NO_DECISIVE_SCOPE_TEXT,EVENT_FORM_UNRESOLVED,NO_DECISIVE_EVENT_FORM_CUE,R5_SCOPE_UNKNOWN,H2_UA_ACTOR_RUSSIA_LOCATION_REVIEW,UA_ACTOR_PLUS_RUSSIA_SUSPECT_LOCATION_METHOD,,TRUE,FALSE,TRUE,FALSE,TRUE
265757,20221113,1,269047,ria,https://ria.ru/20221113/spetsoperatsiya-1831164570.html,AMMUNITION_ARSENAL,арсенал,уничтож,710791,Cherkasy,Cherkasy,Cherkas'ka,32.059768,49.444433,REVIEW,REVIEW_NAME_ONLY_RU_SUPPORT,,,Cherkasy,a_ukr_init_b,,a_ukr_b,0,a_rus_init_b,,a_rus_b,0,украин,,Российская армия уничтожила в Черкасской области украинский арсенал,REVIEW_LOCATION_AMBIGUOUS,REVIEW_NAME_ONLY_RU_SUPPORT,FALSE,UNKNOWN,NO_DECISIVE_SCOPE_TEXT,EVENT_FORM_UNRESOLVED,NO_DECISIVE_EVENT_FORM_CUE,,P6_SCOPE_UNKNOWN,TRUE,,UNIQUE_EXACT_REPORT_LEVEL,265757,NO_EXACT_REPORT_DUPLICATE,PENDING,UNKNOWN,NO_DECISIVE_SCOPE_TEXT,EVENT_FORM_UNRESOLVED,NO_DECISIVE_EVENT_FORM_CUE,R5_SCOPE_UNKNOWN,H2_UA_ACTOR_RUSSIA_LOCATION_REVIEW,UA_ACTOR_PLUS_RUSSIA_SUSPECT_LOCATION_METHOD,,TRUE,FALSE,TRUE,FALSE,TRUE
37948,20221202,1,270289,ria,https://ria.ru/20221202/tokmak-1835894035.html,ENERGY_GRID_SUPPORT,подстанц,удар,691469,Tokmak,Zaporizhzhya,Tokmats'kyi,35.709191,47.255103,REVIEW,REVIEW_NAME_ONLY_RU_SUPPORT,,,Tokmak,a_ukr_init_b,,a_ukr_b,0,a_rus_init_b,,a_rus_b,0,Украин,,Украинские войска нанесли удар по подстанции в запорожском Токмаке,REVIEW_LOCATION_AMBIGUOUS,REVIEW_NAME_ONLY_RU_SUPPORT,FALSE,UKRAINE_OCCUPIED_OTHER,OCCUPIED_UA_TEXT,EVENT_FORM_UNRESOLVED,NO_DECISIVE_EVENT_FORM_CUE,,P5_OCCUPIED_UA_OTHER,TRUE,,UNIQUE_EXACT_REPORT_LEVEL,37948,NO_EXACT_REPORT_DUPLICATE,PENDING,UNKNOWN,NO_DECISIVE_SCOPE_TEXT,EVENT_FORM_UNRESOLVED,NO_DECISIVE_EVENT_FORM_CUE,R5_SCOPE_UNKNOWN,H2_UA_ACTOR_RUSSIA_LOCATION_REVIEW,UA_ACTOR_PLUS_RUSSIA_SUSPECT_LOCATION_METHOD,,TRUE,FALSE,TRUE,FALSE,TRUE
308258,20221214,1,1628834,meduza,https://www.tiktok.com/@skala_battalion/video/7180613940668370181,AMMUNITION_ARSENAL,складу боеприпас,удар,811044,Imeni Artema,Donets'k,Artemivs'kyi,38.044107,48.601127,REVIEW,REVIEW_NAME_ONLY_RU_SUPPORT,,,Imeni Artema,a_ukr_init_b,,a_ukr_b,0,a_rus_init_b,,a_rus_b,1,ВСУ,,ВСУ нанесла удары по складу боеприпасов и расположению войск ЧВК Вагнера в Бахмуте.,REVIEW_LOCATION_AMBIGUOUS,REVIEW_NAME_ONLY_RU_SUPPORT,FALSE,UNKNOWN,NO_DECISIVE_SCOPE_TEXT,EVENT_FORM_UNRESOLVED,NO_DECISIVE_EVENT_FORM_CUE,,P6_SCOPE_UNKNOWN,TRUE,,UNIQUE_EXACT_REPORT_LEVEL,308258,NO_EXACT_REPORT_DUPLICATE,PENDING,UNKNOWN,NO_DECISIVE_SCOPE_TEXT,EVENT_FORM_UNRESOLVED,NO_DECISIVE_EVENT_FORM_CUE,R5_SCOPE_UNKNOWN,H2_UA_ACTOR_RUSSIA_LOCATION_REVIEW,UA_ACTOR_PLUS_RUSSIA_SUSPECT_LOCATION_METHOD,,TRUE,TRUE,TRUE,FALSE,TRUE
291978,20221227,1,333407,espreso,https://espreso.tv/podrobitsi-vibukhiv-na-aerodromi-engels-situatsiya-navkolo-bakhmuta-ta-yak-protidiyati-druzhbi-iranu-ta-rosii-kolonka-sergiya-zgurtsya,STRATEGIC_AIRBASE,аеродром,вибух,713174,Bakhmut,Donets'k,Artemivs'ka,38.001988,48.589471,REVIEW,REVIEW_NAME_ONLY_RU_SUPPORT,,,Bakhmut,a_ukr_init_b,,a_ukr_b,0,a_rus_init_b,,a_rus_b,0,,,"Подробиці вибухів на аеродромі """"Енгельс"""", ситуація навколо Бахмута та як протидіяти """"дружбі"""" Ірану та Росії. Колонка Сергія Згурця",REVIEW_LOCATION_AMBIGUOUS,REVIEW_NAME_ONLY_RU_SUPPORT,FALSE,UNKNOWN,NO_DECISIVE_SCOPE_TEXT,EVENT_FORM_UNRESOLVED,NO_DECISIVE_EVENT_FORM_CUE,,P6_SCOPE_UNKNOWN,TRUE,,UNIQUE_EXACT_REPORT_LEVEL,291978,NO_EXACT_REPORT_DUPLICATE,PENDING,UNKNOWN,NO_DECISIVE_SCOPE_TEXT,EVENT_FORM_UNRESOLVED,NO_DECISIVE_EVENT_FORM_CUE,R5_SCOPE_UNKNOWN,H1_RUSSIA_TARGET_TEXT,KNOWN_RUSSIA_2022_TARGET_OR_PLACE_TEXT,Енгельс,FALSE,FALSE,TRUE,FALSE,TRUE
