DedupeClusterID,CanonicalEventID1pd,ClusterRowCount,MemberEventIDs,MemberDates,SourceURLs,RepresentativeText,DedupeBasis,CanonicalSelectionRule,CandidateCensusComplete
EXACT2022-0001,27256,5,27256|64692|88463|235336|279951,20220224,https://zona.media/online/2022/02/24/war,"— Минобороны России утверждает, что наступление ведут силы ДНР и ЛНР при огневой поддержке ВС РФ  — Ведомство настаивает, что атакует только высокоточным оружием и только инфраструктуру вооруженных сил Украины  — Видеозаписи о гражданских жертвах объявлены постановочными фейками  — Минобороны России сообщает, что некоторые части пограничников складывают оружие, по их позициям огонь не ведется  Полная расшифровка брифинга:  «В соответствии с решением верховного главнокомандующего вооруженными силами Российской Федерации, 24 февраля российские вооруженные силы приступили к проведению специальной военной операции по защите Донецкой и Луганской народных республик. Утром народные милиции ДНР и ЛНР, после продолжительных боев по отражению агрессии вооруженных сил Украины на территории республик, провели мобилизацию и создали группировки войск. В настоящее время они перешли в контрнаступление при огневой поддержке российских вооруженных сил. Ими прорван передний край эшелонированной и хорошо оборудованной в инженерном отношении обороны вооруженных сил Украины. Группировка войск Донецкой народной республики, наступая на Волноваху, продвинулась до 3 километров а группировка ЛНР, наступая в направлении населенного пункта Счастье, форсировала [реку] Северский Донец и продвинулась на полтора километра.  Сейчас группировки войск ДНР и ЛНР ведут бои и наносят огневое поражение противнику. Подразделения ВС Украины продолжают обстрелы мирных городов Донбасса, есть жертвы среди гражданского населения Донецкой и Луганской народных республик. ВС РФ никаких ракетных, авиационных или артиллерийских ударов по городам Украины не наносят. Военнослужащие погранслужбы Украины сопротивления российским подразделениям не оказали. Данные средств разведки показывают, что отдельные подразделения и военнослужащие ВС Украины массово покидают занимаемые позиции, бросая вооружение. Позиции подразделений ВСУ, сложивших оружие, ударам не подвергаются  Высокоточным оружием российских вооруженных сил выводится из строя только военная инфраструктура, это объекты ПВО, военные аэродромы, авиация ВСУ. Обращаем внимание СМИ, что Службой безопасности Украины готовятся и уже реализуются провокации по известным лекалам """"""""""""""""белых касок"""""""""""""""": в украинских городах проведены постановочные видеосъемки с якобы массовыми жертвами среди гражданского населения Украины. Подготовленные ролики распространяются через подконтрольные телеграм-каналы и социальные сети. Их целью является обвинение России в якобы неизбирательности и непропорциональности ударов для запугивания населения и трансляции на западных телеканалах. Особо хочу подчеркнуть: ВС России не наносят ударов по городам Украины, мирному населения ничего не угрожает».",EXACT_SOURCE_URL_AND_REPRESENTATIVE_TEXT,EARLIEST_VIINA_DATE_THEN_LOWEST_EVENT_ID_1PD,FALSE
EXACT2022-0002,27259,6,27259|64710|65177|88464|235342|279969,20220224,,"— Минобороны России утверждает, что наступление ведут силы ДНР и ЛНР при огневой поддержке ВС РФ — Ведомство настаивает, что атакует только высокоточным оружием и только инфраструктуру вооруженных сил Украины — Видеозаписи о гражданских жертвах объявлены постановочными фейками — Минобороны России сообщает, что некоторые части пограничников складывают оружие, по их позициям огонь не ведется Полная расшифровка брифинга: «В соответствии с решением верховного главнокомандующего вооруженными силами Российской Федерации, 24 февраля российские вооруженные силы приступили к проведению специальной военной операции по защите Донецкой и Луганской народных республик. Утром народные милиции ДНР и ЛНР, после продолжительных боев по отражению агрессии вооруженных сил Украины на территории республик, провели мобилизацию и создали группировки войск. В настоящее время они перешли в контрнаступление при огневой поддержке российских вооруженных сил. Ими прорван передний край эшелонированной и хорошо оборудованной в инженерном отношении обороны вооруженных сил Украины. Группировка войск Донецкой народной республики, наступая на Волноваху, продвинулась до 3 километров а группировка ЛНР, наступая в направлении населенного пункта Счастье, форсировала [реку] Северский Донец и продвинулась на полтора километра. Сейчас группировки войск ДНР и ЛНР ведут бои и наносят огневое поражение противнику. Подразделения ВС Украины продолжают обстрелы мирных городов Донбасса, есть жертвы среди гражданского населения Донецкой и Луганской народных республик. ВС РФ никаких ракетных, авиационных или артиллерийских ударов по городам Украины не наносят. Военнослужащие погранслужбы Украины сопротивления российским подразделениям не оказали. Данные средств разведки показывают, что отдельные подразделения и военнослужащие ВС Украины массово покидают занимаемые позиции, бросая вооружение. Позиции подразделений ВСУ, сложивших оружие, ударам не подвергаются Высокоточным оружием российских вооруженных сил выводится из строя только военная инфраструктура, это объекты ПВО, военные аэродромы, авиация ВСУ. Обращаем внимание СМИ, что Службой безопасности Украины готовятся и уже реализуются провокации по известным лекалам """"белых касок"""": в украинских городах проведены постановочные видеосъемки с якобы массовыми жертвами среди гражданского населения Украины. Подготовленные ролики распространяются через подконтрольные телеграм-каналы и социальные сети. Их целью является обвинение России в якобы неизбирательности и непропорциональности ударов для запугивания населения и трансляции на западных телеканалах. Особо хочу подчеркнуть: ВС России не наносят ударов по городам Украины, мирному населения ничего не угрожает».",EXACT_SOURCE_URL_AND_REPRESENTATIVE_TEXT,EARLIEST_VIINA_DATE_THEN_LOWEST_EVENT_ID_1PD,FALSE
EXACT2022-0003,44967,2,44967|121345,20220225,https://forbes.ua/news/putin-ogolosiv-pro-pochatok-viyskovoi-operatsii-na-donbasi-ta-proignoruvav-zvernennya-zelenskogo-golovni-novini-24022022-3843,"Міський голова Маріуполя Вадим Бойченко розповів про ситуацію у місті. Місто отримуватиме воду з резервного джерела – Старокримського водосховища; має енергозабезпечення, трапляються перебої через пошкодження трансформаторних підстанцій; житловий фонд зазнав великих пошкоджень. Міський транспорт працює; один диверсант був затриманий, є інформація про інші диверсійні групи; у лікарнях знаходиться 35 людей з пораненнями, з них 9 у тяжкому стані.",EXACT_SOURCE_URL_AND_REPRESENTATIVE_TEXT,EARLIEST_VIINA_DATE_THEN_LOWEST_EVENT_ID_1PD,FALSE
EXACT2022-0004,52112,2,52112|52113,20220301,https://mil.in.ua/uk/news/na-vijskovomu-aerodromi-u-krymu-prolunav-potuzhnyj-vybuh/,"На військовому аеродромі у Криму пролунав потужний вибух. На військовому аеродромі Гвардійське, що в Криму, пролунав потужний вибух. Про це повідомляють місцеві жителі. Сталося це близько 14:00, післ...",EXACT_SOURCE_URL_AND_REPRESENTATIVE_TEXT,EARLIEST_VIINA_DATE_THEN_LOWEST_EVENT_ID_1PD,FALSE
EXACT2022-0005,52179,2,52179|62039,20220307,https://nv.ua/ukr/ukraine/events/vibuh-prolunav-na-aerodromi-belbek-shcho-vidomo-novini-ukrajini-50308881.html,"У Криму пролунав вибух у районі аеродрому Бельбек: гауляйтер Севастополя заявляє, що це «навчання»",EXACT_SOURCE_URL_AND_REPRESENTATIVE_TEXT,EARLIEST_VIINA_DATE_THEN_LOWEST_EVENT_ID_1PD,FALSE
EXACT2022-0006,231307,2,231307|231317,20220401,https://twitter.com/Novynarnia/status/1509468013971582977,Росія ракетами розбомбила нафтобазу у Фастові Київської області,EXACT_SOURCE_URL_AND_REPRESENTATIVE_TEXT,EARLIEST_VIINA_DATE_THEN_LOWEST_EVENT_ID_1PD,FALSE
EXACT2022-0007,81802,2,81802|220381,20220403,https://t.me/bbbreaking/121654,"Міноборони РФ заявляє про атаки на НПЗ у Кременчуці, аеродроми в Дніпрі та Полтаві",EXACT_SOURCE_URL_AND_REPRESENTATIVE_TEXT,EARLIEST_VIINA_DATE_THEN_LOWEST_EVENT_ID_1PD,FALSE
EXACT2022-0008,195449,2,195449|220646,20220410,https://twitter.com/ThomasVLinge/status/1514362168237596675,"Ночные взрывы на авиабазе Чернобаевка под Херсоном. Как утверждается, украинские силы обстреливают полосу, которая была превращена в базу российских военных сил.",EXACT_SOURCE_URL_AND_REPRESENTATIVE_TEXT,EARLIEST_VIINA_DATE_THEN_LOWEST_EVENT_ID_1PD,FALSE
EXACT2022-0009,52635,2,52635|232722,20220419,https://mil.in.ua/uk/news/z-yavylysya-suputnykovi-znimky-znyshhenyh-elementiv-s-400-u-krymu/,"З’явилися супутникові знімки знищених елементів С-400 у Криму. З'явилися супутникові знімки позиції російської системи протиповітряної оборони С-400 та аеродрому у Джанкої.  Відповідні знімки оприлюднив проєк...",EXACT_SOURCE_URL_AND_REPRESENTATIVE_TEXT,EARLIEST_VIINA_DATE_THEN_LOWEST_EVENT_ID_1PD,FALSE
EXACT2022-0010,235943,2,235943|299422,20220504,https://www.pravda.com.ua/news/2022/05/4/7343902/,"Регіони: ракети по 8 областях і підстанціях залізниць, обстріли Миколаєва й Сумщини. Ввечері 3 травня російська армія випустила ракети по 8 областях України, вночі були обстріли Сумської області та Миколаєва, вранці у Донецькій області вдруге поспіль обстріляли Авдіївський коксохімічний завод, Донбас і Херсонщина – під постійними обстрілами.",EXACT_SOURCE_URL_AND_REPRESENTATIVE_TEXT,EARLIEST_VIINA_DATE_THEN_LOWEST_EVENT_ID_1PD,FALSE
EXACT2022-0011,65918,2,65918|229723,20220505,https://twitter.com/Kramatorsk_Post/status/1522617227329126402,"Разрушения на предприятии Энергомашспецсталь в Краматорске (Донецкая область) после ракетного удара. Как сообщается, почти полностью уничтожено оборудование кузнечно-прессового цеха. Российское Минобороны утверждает, что там был украинский склад боеприпасов. .",EXACT_SOURCE_URL_AND_REPRESENTATIVE_TEXT,EARLIEST_VIINA_DATE_THEN_LOWEST_EVENT_ID_1PD,FALSE
EXACT2022-0012,236006,2,236006|308407,20220510,https://www.pravda.com.ua/news/2022/05/10/7345217/,"Регіони: """"приліт"""" у Лисичанський НПЗ, обстріли Первомайського, """"Азовсталь"""" тримається. Ніч на 10 травня була відносно спокійною для Харкова, у Донецькій та Луганській областях тривають важкі бої, у Миколаївській області росіяни обстріляли містечко Первомайське й ще кілька сіл, в Одесі ракетним ударом 9 травня знищено торговий центр.",EXACT_SOURCE_URL_AND_REPRESENTATIVE_TEXT,EARLIEST_VIINA_DATE_THEN_LOWEST_EVENT_ID_1PD,FALSE
EXACT2022-0013,81923,4,81923|81926|220383|220385,20220513|20220514,https://t.me/DMYTROLUNIN/1869,"4 ракетні удари по Кременчуцькому НПЗ, також вибухи в Полтавському районі - голова ОДА",EXACT_SOURCE_URL_AND_REPRESENTATIVE_TEXT,EARLIEST_VIINA_DATE_THEN_LOWEST_EVENT_ID_1PD,FALSE
EXACT2022-0014,81924,4,81924|81927|220384|220386,20220513|20220514,https://t.me/truexanewsua/46520,Більше російських ракетних ударів по Кременчуцькому НПЗ та критично важливих об'єктах у Полтавській області,EXACT_SOURCE_URL_AND_REPRESENTATIVE_TEXT,EARLIEST_VIINA_DATE_THEN_LOWEST_EVENT_ID_1PD,FALSE
EXACT2022-0015,85815,2,85815|85817,20220517|20220518,https://t.me/hueviykharkov/60325,Збройні сили України знищили склади російських боєприпасів поблизу Ізюма та на Херсонщині,EXACT_SOURCE_URL_AND_REPRESENTATIVE_TEXT,EARLIEST_VIINA_DATE_THEN_LOWEST_EVENT_ID_1PD,FALSE
EXACT2022-0016,42528,3,42528|195937|236103,20220519,https://www.pravda.com.ua/news/2022/05/19/7347132/,"Регіони: на Луганщині пошкодили останню підстанцію, в Авдіївці – залізничну інфраструктуру. Сумська, Харківська, Дніпропетровська, Херсонська, Миколаївська області продовжують зазнавати обстрілів, у Луганській та Донецькій областях вогонь не припиняється, Луганщина залишилася без світла, в Авдіївці пошкоджено залізничну інфраструктуру.",EXACT_SOURCE_URL_AND_REPRESENTATIVE_TEXT,EARLIEST_VIINA_DATE_THEN_LOWEST_EVENT_ID_1PD,FALSE
EXACT2022-0017,196171,2,196171|196189,20220608|20220609,https://t.me/lumsrc/1710,"Українські гелікоптери завдали авіаударів по зборах російських військ у Херсонській області, а військові літаки – по арсеналах боєприпасів у Миколаївській області, – йдеться у ранковому звіті Генштабу ЗСУ.",EXACT_SOURCE_URL_AND_REPRESENTATIVE_TEXT,EARLIEST_VIINA_DATE_THEN_LOWEST_EVENT_ID_1PD,FALSE
EXACT2022-0018,306769,2,306769|306770,20220617|20220618,https://twitter.com/666_mancer/status/1537515805407121413,Відео: сьогодні вибух на складі боєприпасів у Хрустальному на Луганщині,EXACT_SOURCE_URL_AND_REPRESENTATIVE_TEXT,EARLIEST_VIINA_DATE_THEN_LOWEST_EVENT_ID_1PD,FALSE
EXACT2022-0019,306781,2,306781|306782,20220617|20220618,https://twitter.com/GirkinGirkin/status/1537465724762980353,"Повідомляється, що поблизу Хрустального на Луганщині вибухнув склад боєприпасів",EXACT_SOURCE_URL_AND_REPRESENTATIVE_TEXT,EARLIEST_VIINA_DATE_THEN_LOWEST_EVENT_ID_1PD,FALSE
EXACT2022-0020,236402,4,236402|236420|298700|298703,20220618|20220619,https://twitter.com/alex_bezfam/status/1537780937802633216,У Донецьку вибухнув склад боєприпасів,EXACT_SOURCE_URL_AND_REPRESENTATIVE_TEXT,EARLIEST_VIINA_DATE_THEN_LOWEST_EVENT_ID_1PD,FALSE
EXACT2022-0021,220387,2,220387|220388,20220619|20220620,https://t.me/hyevuy_dnepr/29162,Нова хвиля ракетних ударів по Кременчуцькому НПЗ – керівник області,EXACT_SOURCE_URL_AND_REPRESENTATIVE_TEXT,EARLIEST_VIINA_DATE_THEN_LOWEST_EVENT_ID_1PD,FALSE
EXACT2022-0022,165184,2,165184|196409,20220623,https://twitter.com/hochu_dodomu/status/1539502671601745922,Між Киселівкою та Чорнобаївкою Херсонської області вибухнув склад з боєприпасами,EXACT_SOURCE_URL_AND_REPRESENTATIVE_TEXT,EARLIEST_VIINA_DATE_THEN_LOWEST_EVENT_ID_1PD,FALSE
EXACT2022-0023,196501,2,196501|254230,20220629,https://t.me/hueviyherson/21326,"Как утверждается, пожар (вероятно, после украинских ударов) на аэродроме Чернобаевка под Херсоном. Украинские силы уже много раз наносили удары по аэродрому.",EXACT_SOURCE_URL_AND_REPRESENTATIVE_TEXT,EARLIEST_VIINA_DATE_THEN_LOWEST_EVENT_ID_1PD,FALSE
EXACT2022-0024,236555,2,236555|236564,20220702|20220703,https://t.me/lumsrc/2006,"На Донецькому напрямку російські війська намагаються блокувати Лисичанськ і захопити трасу Лисичанськ-Бахмут. Російська артилерія обстріляла Лисичанськ, Верхньокам'янку та Сіверськ. Російська авіація завдала авіаудару поблизу Вовчоярівки. Тривають штурми Верхньокам'янки та Лисичанського НПЗ, – йдеться у ранковому звіті Генштабу ЗСУ.",EXACT_SOURCE_URL_AND_REPRESENTATIVE_TEXT,EARLIEST_VIINA_DATE_THEN_LOWEST_EVENT_ID_1PD,FALSE
EXACT2022-0025,298705,3,236614|298705|298706,20220706|20220707,https://twitter.com/den_kazansky/status/1544313516554854400,Боєприпаси валяються на вулицях Донецька після вибуху складу з боєприпасами в Камаз-центрі,EXACT_SOURCE_URL_AND_REPRESENTATIVE_TEXT,EARLIEST_VIINA_DATE_THEN_LOWEST_EVENT_ID_1PD,FALSE
EXACT2022-0026,236613,2,236613|236624,20220707|20220708,https://t.me/chanel24/46053,Пожежа на нафтобазі в Донецьку,EXACT_SOURCE_URL_AND_REPRESENTATIVE_TEXT,EARLIEST_VIINA_DATE_THEN_LOWEST_EVENT_ID_1PD,FALSE
EXACT2022-0027,193154,4,193154|193156|196634|196650,20220710|20220711,https://twitter.com/babaikit/status/1545649107305467907,У Херсоні стався вибух на військових складах боєприпасів,EXACT_SOURCE_URL_AND_REPRESENTATIVE_TEXT,EARLIEST_VIINA_DATE_THEN_LOWEST_EVENT_ID_1PD,FALSE
EXACT2022-0028,196680,2,196680|196695,20220712|20220713,https://twitter.com/UKRINFORM/status/1546510969505030144,Біля аеродрому Херсон пролунали вибухи,EXACT_SOURCE_URL_AND_REPRESENTATIVE_TEXT,EARLIEST_VIINA_DATE_THEN_LOWEST_EVENT_ID_1PD,FALSE
EXACT2022-0029,37837,2,37837|37838,20220712|20220713,https://twitter.com/_tredecim_/status/1546485871515500546,У Токмаку сьогодні стався вибух на складі боєприпасів,EXACT_SOURCE_URL_AND_REPRESENTATIVE_TEXT,EARLIEST_VIINA_DATE_THEN_LOWEST_EVENT_ID_1PD,FALSE
EXACT2022-0030,44971,2,44971|53489,20220719,https://mil.in.ua/uk/news/u-krymu-vybuhnuv-sklad-boyeprypasiv-1/,"У Криму вибухнув склад боєприпасів. У Криму детонує російський склад з боєприпасами на Старокримському полігоні. Про це повідомляють російські медіа. Близько 4 ранку, 19 липня, ...",EXACT_SOURCE_URL_AND_REPRESENTATIVE_TEXT,EARLIEST_VIINA_DATE_THEN_LOWEST_EVENT_ID_1PD,FALSE
EXACT2022-0031,51638,4,51638|51643|334357|334358,20220721|20220722,https://twitter.com/Illya_Ayzin/status/1549842669614014467,Вибухи на складах боєприпасів у Скадовську,EXACT_SOURCE_URL_AND_REPRESENTATIVE_TEXT,EARLIEST_VIINA_DATE_THEN_LOWEST_EVENT_ID_1PD,FALSE
EXACT2022-0032,53536,2,53536|232735,20220724,https://mil.in.ua/uk/news/u-krymu-stalysya-vybuhy-na-skladi-boyeprypasiv/,"У Криму сталися вибухи на складі боєприпасів . В Джанкойському районі окупованого Криму на російському складі боєприпасів, вранці у понеділок, пролунали вибухи. Про вибухи повідомляють очевид...",EXACT_SOURCE_URL_AND_REPRESENTATIVE_TEXT,EARLIEST_VIINA_DATE_THEN_LOWEST_EVENT_ID_1PD,FALSE
EXACT2022-0033,236778,2,236778|236781,20220726|20220727,https://www.ntv.ru/novosti/2716467/,ВСУ обстреляли нефтебазу в Донецке — Специальная военная операция России Крупный пожар начался на нефтебазе в Донецке после обстрелов со стороны Украины.,EXACT_SOURCE_URL_AND_REPRESENTATIVE_TEXT,EARLIEST_VIINA_DATE_THEN_LOWEST_EVENT_ID_1PD,FALSE
EXACT2022-0034,197132,2,197132|236934,20220806,https://interfax.com.ua/news/general/850998.html,"Українські підрозділи завдали ударів на Херсонському та Донецькому напрямках, знищено 30 окупантів і склад боєприпасів",EXACT_SOURCE_URL_AND_REPRESENTATIVE_TEXT,EARLIEST_VIINA_DATE_THEN_LOWEST_EVENT_ID_1PD,FALSE
EXACT2022-0035,340584,2,340584|340588,20220808|20220809,https://t.me/info_zp/12875,Пожежа на Запорізькій АЕС внаслідок короткого замикання на підстанції. Вогнеборці вже загасили його,EXACT_SOURCE_URL_AND_REPRESENTATIVE_TEXT,EARLIEST_VIINA_DATE_THEN_LOWEST_EVENT_ID_1PD,FALSE
EXACT2022-0036,236983,2,236983|236998,20220810|20220811,https://24tv.ua/skladi-rosiyan-donetsku-lunayut-vibuhi_n2121867,Пожежа та вибухи на пивзаводі в Донецьку: окупанти його перетворили на склад боєприпасів,EXACT_SOURCE_URL_AND_REPRESENTATIVE_TEXT,EARLIEST_VIINA_DATE_THEN_LOWEST_EVENT_ID_1PD,FALSE
EXACT2022-0037,314884,2,314884|314888,20220810|20220811,https://twitter.com/antonohaio/status/1556986277450469377,Ще одне відео вибухів на авіабазі в Саках,EXACT_SOURCE_URL_AND_REPRESENTATIVE_TEXT,EARLIEST_VIINA_DATE_THEN_LOWEST_EVENT_ID_1PD,FALSE
EXACT2022-0038,53757,3,53757|53809|314885,20220810|20220811,https://twitter.com/ELINTNews/status/1556989234052997122,"Відео вибуху на авіабазі Саки в підконтрольному Росії Криму, за 200 км від найближчих позицій лінії фронту",EXACT_SOURCE_URL_AND_REPRESENTATIVE_TEXT,EARLIEST_VIINA_DATE_THEN_LOWEST_EVENT_ID_1PD,FALSE
EXACT2022-0039,53737,3,53737|53791|314886,20220810|20220811,https://twitter.com/GirkinGirkin/status/1556984446582247424,Вибухи та пожежа на авіабазі Новофедорівка в Криму,EXACT_SOURCE_URL_AND_REPRESENTATIVE_TEXT,EARLIEST_VIINA_DATE_THEN_LOWEST_EVENT_ID_1PD,FALSE
EXACT2022-0040,236985,2,236985|237000,20220811|20220812,https://www.ntv.ru/novosti/2718700/|https://www.ntv.ru/novosti/2718704/|https://www.ntv.ru/novosti/2718787/,"Один человек погиб и двое пострадали при ударе ВСУ по пивзаводу в Донецке — Специальная военная операция России Один человек погиб и еще двое получили травмы при обстреле ВСУ пивоваренного завода в Донецке. Об этом в своем Telegram-канале сообщило МЧС ДНР. || Утечку аммиака на пивзаводе в Донецке удалось остановить — Специальная военная операция России Утечку аммиака на донецком пивзаводе, которая произошла после атаки ВСУ, удалось остановить, сообщило в своем Telegram-канале МЧС ДНР. || ВСУ пытались отравить жителей Донецка аммиаком с пивзавода Один человек погиб и четверо пострадали в результате ночного обстрела пивоваренного завода в Донецке. Осколки украинских снарядов перебили трубопровод с аммиаком. Опасное химическое вещество распространилось на огромной площади, рискуя вызвать тяжелые отравления у жителей ближайших кварталов. Несколько часов на территории предприятия бушевал сильнейший пожар.",EXACT_SOURCE_URL_AND_REPRESENTATIVE_TEXT,EARLIEST_VIINA_DATE_THEN_LOWEST_EVENT_ID_1PD,FALSE
EXACT2022-0041,314892,2,314892|314894,20220811|20220812,https://twitter.com/OSINTua/status/1557440576806608897,Супутникові знімки знищених російських літаків на авіабазі Новофедорівка,EXACT_SOURCE_URL_AND_REPRESENTATIVE_TEXT,EARLIEST_VIINA_DATE_THEN_LOWEST_EVENT_ID_1PD,FALSE
EXACT2022-0042,53857,2,53857|53887,20220813|20220814,https://twitter.com/jseldin/status/1558140093759643657,"""""""""Ми не маємо нічого, що вказує на те, що ракета була випущена по російському аеродрому в Криму"""""""", - заявив високопоставлений військовий чиновник США.",EXACT_SOURCE_URL_AND_REPRESENTATIVE_TEXT,EARLIEST_VIINA_DATE_THEN_LOWEST_EVENT_ID_1PD,FALSE
EXACT2022-0043,53869,3,53869|53889|53899,20220813|20220814|20220815,https://twitter.com/jseldin/status/1558140093759643657,"""""""""""""""""Ми не маємо нічого, що вказує на те, що ракета була випущена по російському аеродрому в Криму"""""""""""""""", - заявив високопоставлений військовий чиновник США.",EXACT_SOURCE_URL_AND_REPRESENTATIVE_TEXT,EARLIEST_VIINA_DATE_THEN_LOWEST_EVENT_ID_1PD,FALSE
EXACT2022-0044,53878,2,53878|232646,20220814,https://twitter.com/GirkinGirkin/status/1559397454348525569,"Черный дым над Джанкоем в Крыму в результате пожара на электроподстанции. Сообщается, что по подстанции был нанесен удар.",EXACT_SOURCE_URL_AND_REPRESENTATIVE_TEXT,EARLIEST_VIINA_DATE_THEN_LOWEST_EVENT_ID_1PD,FALSE
EXACT2022-0045,53914,2,53914|232745,20220816,https://www.pravda.com.ua/news/2022/08/16/7363420/,"У Криму лунають вибухи в районі Джанкоя, Чубаров каже: влучили у сховище боєприпасів. У Джанкойському районі окупованого Росією Криму вранці 16 серпня чути вибухи і видно вогонь, є інформація про детонацію на складі боєприпасів у селищі Майське.",EXACT_SOURCE_URL_AND_REPRESENTATIVE_TEXT,EARLIEST_VIINA_DATE_THEN_LOWEST_EVENT_ID_1PD,FALSE
EXACT2022-0046,53948,2,53948|232755,20220816,https://www.pravda.com.ua/news/2022/08/16/7363490/,"Вибухи поблизу Джанкоя: скільки техніки тримали там росіяни. Управління стратегічних комунікацій Збройних сил України повідомляє, що в районі пошкодженої вибухами залізничної станції Азовське в окупованому Криму росіяни розвантажували військову техніку та боєприпаси, а в районі аеродрому поблизу Джанкою стояли зенітно-ракетні комплекси РФ.",EXACT_SOURCE_URL_AND_REPRESENTATIVE_TEXT,EARLIEST_VIINA_DATE_THEN_LOWEST_EVENT_ID_1PD,FALSE
EXACT2022-0047,53954,2,53954|232758,20220816,https://nv.ua/ukr/ukraine/events/yak-i-chomu-vibuhi-v-dzhankoji-mozhut-poznachitisya-na-hodi-viyni-ostanni-novini-50263487.html,Вибухи в Криму: де саме розташовані склади боєприпасів і яку техніку Росія тримала на сусідньому аеродромі в Джанкої - інфографіка НВ,EXACT_SOURCE_URL_AND_REPRESENTATIVE_TEXT,EARLIEST_VIINA_DATE_THEN_LOWEST_EVENT_ID_1PD,FALSE
EXACT2022-0048,101390,2,101390|101391,20220817|20220818,https://t.me/rbc_news/56084,Пожежа на електропідстанції в Джанкой,EXACT_SOURCE_URL_AND_REPRESENTATIVE_TEXT,EARLIEST_VIINA_DATE_THEN_LOWEST_EVENT_ID_1PD,FALSE
EXACT2022-0049,53963,2,53963|120215,20220817,https://t.me/tass_agency/151150|https://twitter.com/HromadskeRadio/status/1559606233539158019,"Супутникові знімки наслідків вибухів на складі боєприпасів біля Джанкоя, Крим || З селища Майське біля Джанкоя в Криму евакуюють мирних жителів після вибуху складу боєприпасів",EXACT_SOURCE_URL_AND_REPRESENTATIVE_TEXT,EARLIEST_VIINA_DATE_THEN_LOWEST_EVENT_ID_1PD,FALSE
EXACT2022-0050,53975,3,53975|120216|232761,20220817,https://t.me/suspilnenews/13553,Під Джанкоєм на півночі Криму вибухнув склад боєприпасів,EXACT_SOURCE_URL_AND_REPRESENTATIVE_TEXT,EARLIEST_VIINA_DATE_THEN_LOWEST_EVENT_ID_1PD,FALSE
EXACT2022-0051,120217,4,120217|120221|232762|232772,20220817|20220818,https://t.me/bbbreaking/132792,У Джанкойському районі внаслідок вибуху на складі боєприпасів пошкоджена залізниця - екстрені служби,EXACT_SOURCE_URL_AND_REPRESENTATIVE_TEXT,EARLIEST_VIINA_DATE_THEN_LOWEST_EVENT_ID_1PD,FALSE
EXACT2022-0052,54008,2,54008|54043,20220818|20220819,https://24tv.ua/belbek-de-prolunali-vibuhi-krimu-shho-vidomo-pro-aerodrom-bilya_n2137283,"На """"""""""""""""Бельбеку"""""""""""""""" лунали вибухи: що відомо про найбільший аеродром у Криму – пояснюємо на карті",EXACT_SOURCE_URL_AND_REPRESENTATIVE_TEXT,EARLIEST_VIINA_DATE_THEN_LOWEST_EVENT_ID_1PD,FALSE
EXACT2022-0053,54017,2,54017|62364,20220818,https://espreso.tv/u-krimu-progrimili-vibukhi-bilya-sevastopolya-i-aerodromu-belbek-okupanti-zayavili-pro-zbittya-dronu-silami-ppo,"У Криму прогриміли вибухи біля Севастополя і аеродрому """"Бельбек"""", окупанти заявили про збиття дрону силами ППО",EXACT_SOURCE_URL_AND_REPRESENTATIVE_TEXT,EARLIEST_VIINA_DATE_THEN_LOWEST_EVENT_ID_1PD,FALSE
EXACT2022-0054,62370,4,62370|62385|132865|132867,20220819|20220820,https://t.me/rian_ru/174888,Окупаційна влада Севастополя повідомляє про збитий безпілотник ППО поблизу аеродрому Бельбек,EXACT_SOURCE_URL_AND_REPRESENTATIVE_TEXT,EARLIEST_VIINA_DATE_THEN_LOWEST_EVENT_ID_1PD,FALSE
EXACT2022-0055,37706,2,37706|37707,20220821|20220822,https://t.me/chpsevas/2770,"Під Бахчисараєм 3 вибухи, з району аеродрому піднімається дим",EXACT_SOURCE_URL_AND_REPRESENTATIVE_TEXT,EARLIEST_VIINA_DATE_THEN_LOWEST_EVENT_ID_1PD,FALSE
EXACT2022-0056,77755,3,77755|77756|237115,20220823|20220824,https://twitter.com/kava240222/status/1561552740412792833,У Донецьку на складі боєприпасів сталися вибухи,EXACT_SOURCE_URL_AND_REPRESENTATIVE_TEXT,EARLIEST_VIINA_DATE_THEN_LOWEST_EVENT_ID_1PD,FALSE
EXACT2022-0057,37712,3,37712|37713|37861,20220824|20220825,https://twitter.com/herooftheday10/status/1562194408828973057,У Токмаку Запорізької області вибухнув склад боєприпасів,EXACT_SOURCE_URL_AND_REPRESENTATIVE_TEXT,EARLIEST_VIINA_DATE_THEN_LOWEST_EVENT_ID_1PD,FALSE
EXACT2022-0058,67512,2,67512|224246,20220825,https://t.me/milinfolive/89756,"Как утверждается, силы непризнанной ДНР уничтожили склад боеприпасов и укрепрайон ВСУ в районе Первомайского (Донецкая область).",EXACT_SOURCE_URL_AND_REPRESENTATIVE_TEXT,EARLIEST_VIINA_DATE_THEN_LOWEST_EVENT_ID_1PD,FALSE
EXACT2022-0059,125485,2,125485|125490,20220828|20220829,https://www.ntv.ru/novosti/2721181/,"В Мариуполе саперы разминируют территорию завода «Азовмаш» — Специальная военная операция России Взрывы, гремящие в Мариуполе, свидетельствуют о возвращении к мирной жизни. В городе идет разминирование завода «Азовмаш», который украинские силовики, как и предприятие «Азовсталь», превратили в мощный укрепрайон. Перед сдачей в плен ВСУ и нацбатальонов заминировали десятки гектаров огромного предприятия.",EXACT_SOURCE_URL_AND_REPRESENTATIVE_TEXT,EARLIEST_VIINA_DATE_THEN_LOWEST_EVENT_ID_1PD,FALSE
EXACT2022-0060,197453,2,197453|197498,20220830|20220831,https://twitter.com/hochu_dodomu/status/1564172233572061186,Вибухи на складі боєприпасів у Гаврилівці Бериславського району Херсонської області,EXACT_SOURCE_URL_AND_REPRESENTATIVE_TEXT,EARLIEST_VIINA_DATE_THEN_LOWEST_EVENT_ID_1PD,FALSE
EXACT2022-0061,37876,2,37876|37879,20220903|20220904,https://t.me/info_zp/14808,Вибухи на складі боєприпасів у Токмаку,EXACT_SOURCE_URL_AND_REPRESENTATIVE_TEXT,EARLIEST_VIINA_DATE_THEN_LOWEST_EVENT_ID_1PD,FALSE
EXACT2022-0062,197592,2,197592|197610,20220905|20220906,https://t.me/operativnoZSU/39825,У Томиній Балці Херсонської області вибухнув склад боєприпасів,EXACT_SOURCE_URL_AND_REPRESENTATIVE_TEXT,EARLIEST_VIINA_DATE_THEN_LOWEST_EVENT_ID_1PD,FALSE
EXACT2022-0063,104867,2,104867|104868,20220908|20220909,https://t.me/lumsrc/2695,"Українська авіація завдала 27 авіаударів по російських базах, складах боєприпасів, командних пунктах і скупченнях військ і техніки, - йдеться в ранковому зведенні Генштабу ЗСУ.",EXACT_SOURCE_URL_AND_REPRESENTATIVE_TEXT,EARLIEST_VIINA_DATE_THEN_LOWEST_EVENT_ID_1PD,FALSE
EXACT2022-0064,54376,4,54376|54392|151211|151232,20220908|20220909,https://t.me/spravdi/16715,"У спільній статті Головнокомандувача ЗСУ Валерія Залужного та першого заступника голови комітету з питань безпеки підтверджено, що за вибухами на авіабазі Саки в окупованому Криму стоять українські ракети.",EXACT_SOURCE_URL_AND_REPRESENTATIVE_TEXT,EARLIEST_VIINA_DATE_THEN_LOWEST_EVENT_ID_1PD,FALSE
EXACT2022-0065,37714,4,37714|37715|37884|37886,20220909|20220910,https://t.me/info_zp/15184,У Токмаку Запорізької області вибухнув склад боєприпасів,EXACT_SOURCE_URL_AND_REPRESENTATIVE_TEXT,EARLIEST_VIINA_DATE_THEN_LOWEST_EVENT_ID_1PD,FALSE
EXACT2022-0066,37883,2,37883|37885,20220909|20220910,https://twitter.com/typicaldonetsk/status/1567925181917630467,Пожежа на складі боєприпасів у Токмаку,EXACT_SOURCE_URL_AND_REPRESENTATIVE_TEXT,EARLIEST_VIINA_DATE_THEN_LOWEST_EVENT_ID_1PD,FALSE
EXACT2022-0067,197690,2,197690|222684,20220911,https://mil.in.ua/uk/news/u-kahovtsi-pivdnya-deto1nuye-sklad/,"У Каховці пів дня детонує склад із боєприпасами РФ. У тимчасово окупованій Каховці у Херсонській області знищили склад боєприпасів. Місцеві мешканці повідомляють про детонацію, яка триває багато г...",EXACT_SOURCE_URL_AND_REPRESENTATIVE_TEXT,EARLIEST_VIINA_DATE_THEN_LOWEST_EVENT_ID_1PD,FALSE
EXACT2022-0068,62525,2,62525|62527,20221001|20221002,https://www.ntv.ru/novosti/2726165/|https://www.ntv.ru/video/click2145161/,"Губернатор Севастополя объяснил взрывы на аэродроме Бельбек 16+ || Губернатор Севастополя объяснил взрывы на аэродроме Бельбек Губернатор Севастополя Михаил Развожаев сообщил, что во время ЧП с самолетом на военном аэродроме в Севастополе произошел частичный подрыв боекомплекта.",EXACT_SOURCE_URL_AND_REPRESENTATIVE_TEXT,EARLIEST_VIINA_DATE_THEN_LOWEST_EVENT_ID_1PD,FALSE
EXACT2022-0069,54760,2,54760|348495,20221008,https://nv.ua/ukr/ukraine/events/udar-po-naftobazi-u-feodosiji-pozhezhu-namagayutsya-zagasiti-drugu-dobu-video-50456694.html,"У Феодосії другу добу поспіль горить найбільша у Криму нафтобаза, яку атакували Сили оборони",EXACT_SOURCE_URL_AND_REPRESENTATIVE_TEXT,EARLIEST_VIINA_DATE_THEN_LOWEST_EVENT_ID_1PD,FALSE
EXACT2022-0070,54852,2,54852|348501,20221012,https://nv.ua/ukr/ukraine/events/pozhezhu-na-naftobazi-u-feodosiji-ne-mozhut-zagasiti-shostiy-den-pospil-50457971.html,Після удару Сил оборони. У Феодосії шостий день поспіль не можуть загасити найбільший нафтовий термінал Криму,EXACT_SOURCE_URL_AND_REPRESENTATIVE_TEXT,EARLIEST_VIINA_DATE_THEN_LOWEST_EVENT_ID_1PD,FALSE
EXACT2022-0071,54877,2,54877|348503,20221013,https://mil.in.ua/uk/news/pozhezha-na-naftobazi-u-feodosiyi-znyshhyla-8-naftovyh-rezervuariv/,"Пожежа на нафтобазі у Феодосії знищила 8 нафтових резервуарів. Російські екстрені служби завершили локалізацію пожежі на нафтобазі у Феодосії в тимчасово окупованому Криму.  Про це повідомляють OSINT-експерти...",EXACT_SOURCE_URL_AND_REPRESENTATIVE_TEXT,EARLIEST_VIINA_DATE_THEN_LOWEST_EVENT_ID_1PD,FALSE
EXACT2022-0072,62568,4,62568|62569|132870|132871,20221020|20221021,https://t.me/chanel24/59001,"В окупованому Севастополі пролунали вибухи. Влада повідомляє, що безпілотник був збитий поблизу авіабази Бельбек",EXACT_SOURCE_URL_AND_REPRESENTATIVE_TEXT,EARLIEST_VIINA_DATE_THEN_LOWEST_EVENT_ID_1PD,FALSE
EXACT2022-0073,62647,2,62647|62655,20221101|20221102,https://www.ntv.ru/novosti/2730799/,"Приостановка участия РФ в «зерновой сделке»: что происходит в портах — Специальная военная операция России Зерновая сделка сегодня снова оказалась в центре мировой политики. Россия была вынуждена приостановить свое участие в сделке после того, как Киев использовал для атаки на порт Севастополя гуманитарный коридор, выделенный для судов, вывозящих украинское зерно.",EXACT_SOURCE_URL_AND_REPRESENTATIVE_TEXT,EARLIEST_VIINA_DATE_THEN_LOWEST_EVENT_ID_1PD,FALSE
EXACT2022-0074,198703,2,198703|198742,20221103|20221104,https://t.me/hueviyherson/28300,Ракетний удар по суднобудівному заводу в Херсоні,EXACT_SOURCE_URL_AND_REPRESENTATIVE_TEXT,EARLIEST_VIINA_DATE_THEN_LOWEST_EVENT_ID_1PD,FALSE
EXACT2022-0075,174133,2,174133|174136,20221105|20221106,https://www.ntv.ru/novosti/2731407/,СМИ: в подконтрольном Киеву Красноармейске произошел взрыв на военном складе — Специальная военная операция России Появились первые кадры с места взрывов на украинском складе боеприпасов в Красноармейске (Покровске).,EXACT_SOURCE_URL_AND_REPRESENTATIVE_TEXT,EARLIEST_VIINA_DATE_THEN_LOWEST_EVENT_ID_1PD,FALSE
EXACT2022-0076,270279,5,270279|270280|270281|348533|348534,20221117|20221118|20221119,https://t.me/breakingmash/39944,Російські ЗМІ повідомляють про падіння безпілотника на підстанції під Феодосією,EXACT_SOURCE_URL_AND_REPRESENTATIVE_TEXT,EARLIEST_VIINA_DATE_THEN_LOWEST_EVENT_ID_1PD,FALSE
EXACT2022-0077,55412,2,55412|62756,20221210,https://nv.ua/ukr/ukraine/events/krim-vibuhi-u-simferopoli-sevastopoli-ta-dzhankoji-shcho-vidomo-novini-ukrajini-50290061.html,"«Бавовна» у Криму. Телеграм-канали повідомляють про вибухи в районі аеродромів Сімферополя, Севастополя та Джанкоя",EXACT_SOURCE_URL_AND_REPRESENTATIVE_TEXT,EARLIEST_VIINA_DATE_THEN_LOWEST_EVENT_ID_1PD,FALSE
EXACT2022-0078,238160,2,238160|238171,20221227|20221228,https://t.me/UkraineNow/26070,Усі газові котельні в Донецькій області зупинили роботу через пошкодження магістрального трубопроводу в Харківській області,EXACT_SOURCE_URL_AND_REPRESENTATIVE_TEXT,EARLIEST_VIINA_DATE_THEN_LOWEST_EVENT_ID_1PD,FALSE
EXACT2022-0079,342494,2,342494|347733,20220224,https://www.facebook.com/anton.gerashchenko.7/posts/4865046130248862,"Российские СМИ публикуют информацию от Минобороны России. Территория в районе Чернобыльской АЭС накануне была взята под полный контроль российских войск, с военнослужащими украинского батальона охраны станции «достигнута договоренность о совместном обеспечении безопасности», радиоактивный фон в норме (при этом в инспекции ядерного регулирования Украины говорят, что радиоционный фон повысился из-за перемещения тяжеловесной техники по земле). В районе острова Змеиный сдались 82 украинских военных, с них берут подписку об отказе от боев и отпускают, утверждают в министерстве. Всего сложили оружие более 150 военных. Уничтожено 11 военных аэродромов, 13 пунктов управления, 14 зенитных ракетных комплексов ПВО, 36 радиолокационных станций, 11 летательных аппаратов, 18 бронированных машин, семь систем залпового огня.",EXACT_SOURCE_URL_AND_REPRESENTATIVE_TEXT,EARLIEST_VIINA_DATE_THEN_LOWEST_EVENT_ID_1PD,FALSE
EXACT2022-0080,145205,2,145205|229015,20220225,https://zona.media/online/2022/02/24/war-2,"При захвате аэродрома в Гостомеле под Киевом были убиты больше «200 националистов», утверждает российское Минобороны.  «При захвате аэродрома было уничтожено более двухсот националистов из состава специальных подразделений Украины», — сказали в военном ведомстве.",EXACT_SOURCE_URL_AND_REPRESENTATIVE_TEXT,EARLIEST_VIINA_DATE_THEN_LOWEST_EVENT_ID_1PD,FALSE
EXACT2022-0081,342498,2,342498|347748,20220225,https://zona.media/online/2022/02/24/war-2,"Российские СМИ публикуют информацию от Минобороны России.  Территория в районе Чернобыльской АЭС накануне была взята под полный контроль российских войск, с военнослужащими украинского батальона охраны станции «достигнута договоренность о совместном обеспечении безопасности», радиоактивный фон в норме (при этом в инспекции ядерного регулирования Украины говорят, что радиоционный фон повысился из-за перемещения тяжеловесной техники по земле).  В районе острова Змеиный сдались 82 украинских военных, с них берут подписку об отказе от боев и отпускают, утверждают в министерстве. Всего сложили оружие более 150 военных.   Уничтожено 11 военных аэродромов, 13 пунктов управления, 14 зенитных ракетных комплексов ПВО, 36 радиолокационных станций, 11 летательных аппаратов, 18 бронированных машин, семь систем залпового огня.",EXACT_SOURCE_URL_AND_REPRESENTATIVE_TEXT,EARLIEST_VIINA_DATE_THEN_LOWEST_EVENT_ID_1PD,FALSE
EXACT2022-0082,145724,2,145724|229066,20220303,https://www.youtube.com/watch?v=fYUT36YGOh8,"Российский «Первый канал» опубликовал репортаж из аэродрома Гостомель под Киевом. На кадрах репортажа виден сожженный самолет Ан-225 «Мрия» — один из самых больших и мощных самолетов украинского производства в мире. Сотрудница «Первого канала» утверждает, что в ангар, где находилось судно, попал снаряд украинской артиллерии. 27 февраля, на четвертый день вторжения в Украину, Верховная рада сообщала, что «Мрия» сгорела в результате воздушной атаки российских войск.",EXACT_SOURCE_URL_AND_REPRESENTATIVE_TEXT,EARLIEST_VIINA_DATE_THEN_LOWEST_EVENT_ID_1PD,FALSE
EXACT2022-0083,29408,2,29408|29416,20220305|20220306,https://www.instagram.com/p/Cat6IYVqteF/,"Советник главы МВД Украины Антон Геращенко опубликовал фото и видео последствий ракетного удара по аэропорту в Виннице. Снимки непосредственно с территории разрушенного аэродрома у себя в телеграм-канале выложил мэр Винницы Сергей Моргунов. Ранее Владимир Зеленский сообщил, что в результате ракетного удара аэропорт оказался разрушен. Глава МИД Украины уточнил, что удар по Виннице был нанесен крылатыми ракетами. || Вечерний брифинг Минобороны, коротко: — Минобороны подтвердило уничтожение аэродрома в Виннице; — Практически вся боеспособная авиация ВСУ уничтожена, утверждают в Минобороны; — Также в Минобороны утверждают, что оставшаяся украинская авиация базируется в соседних странах, в том числе в Румынии. Это может расцениваться как вовлечение таких стран в вооруженный конфликт, сказал представитель Минобороны Игорь Конашенков. — Конашенков также утверждает, что российские военные вскрыли «факты зачистки киевским режимом следов реализуемой на Украине военно-биологической программы, финансируемой Минобороны США». По словам Конашенкова, российским военными получены данные о «секретных биологических экспериментах на территории Украины».",EXACT_SOURCE_URL_AND_REPRESENTATIVE_TEXT,EARLIEST_VIINA_DATE_THEN_LOWEST_EVENT_ID_1PD,FALSE
EXACT2022-0084,75116,3,75116|75117|137498,20220306|20220307,https://www.facebook.com/DSNSMYKOL/posts/264908269151338,"На нефтебазе в Луганске начался пожар. Представители самопровозглашенной ЛНР утверждают, что удар по объекту нанесла украинская сторона, пишет «Интерфакс». Обновлено в 09:55. Глава СК Александр Бастрыкин, по данным «РИА Новости», поручил возбудить уголовное дело «по факту нанесения ракетного удара» по нефтебазе. Восемью днями ранее он требовал провести аналогичное расследование после взрыва нефтебазы в городе Ровеньки на территории ЛНР.",EXACT_SOURCE_URL_AND_REPRESENTATIVE_TEXT,EARLIEST_VIINA_DATE_THEN_LOWEST_EVENT_ID_1PD,FALSE
EXACT2022-0085,131195,2,131195|131201,20220504|20220505,https://www.ntv.ru/novosti/2704384/|https://www.ntv.ru/video/click2111410/,Нефтебаза в Макеевке загорелась после взрыва 16+ — Специальная военная операция России || Нефтебаза в Макеевке загорелась после взрыва — Специальная военная операция России Украинские военные атаковали Макеевку в Донецкой народной республике. Под удар попала нефтебаза в Червоногвардейском районе.,EXACT_SOURCE_URL_AND_REPRESENTATIVE_TEXT,EARLIEST_VIINA_DATE_THEN_LOWEST_EVENT_ID_1PD,FALSE
EXACT2022-0086,65895,2,65895|65916,20220504|20220505,https://www.ntv.ru/novosti/2704384/,Нефтебаза в Макеевке загорелась после взрыва — Специальная военная операция России Украинские военные атаковали Макеевку в Донецкой народной республике. Под удар попала нефтебаза в Червоногвардейском районе.,EXACT_SOURCE_URL_AND_REPRESENTATIVE_TEXT,EARLIEST_VIINA_DATE_THEN_LOWEST_EVENT_ID_1PD,FALSE
EXACT2022-0087,83194,4,83194|83195|338339|338346,20220722|20220723,https://www.ntv.ru/novosti/2715998/,"ВСУ разрушили завод в Пологах Запорожской области: видео — Специальная военная операция России В Пологах Запорожской области попал на видео поврежденный снарядами Украины маслоэкстракционный завод. Здания завода сильно обгорели и повреждены, отдельные строения разрушены.",EXACT_SOURCE_URL_AND_REPRESENTATIVE_TEXT,EARLIEST_VIINA_DATE_THEN_LOWEST_EVENT_ID_1PD,FALSE
EXACT2022-0088,231931,2,231931|259528,20220822,https://t.me/romanov_92/25356,"Пожар на подстанции в Энергодаре, возникший в результате, как утверждается, удара со стороны ВСУ. Утверждается, что станция и часть Херсонской области обесточены..",EXACT_SOURCE_URL_AND_REPRESENTATIVE_TEXT,EARLIEST_VIINA_DATE_THEN_LOWEST_EVENT_ID_1PD,FALSE
EXACT2022-0089,151262,2,151262|151276,20220910|20220911,https://www.ntv.ru/novosti/2723151/,"Украинская атака: ВСУ затягивают в «огневой каменный мешок» — Специальная военная операция России На авиабазе Рамштайн, где в обстановке полной секретности заседал так называемый клуб друзей и союзников Украины, западные генералы и политики ломали голову над тем, как еще помочь Киеву. Помогать, судя по настроениям в тамошних коридорах власти и военных штабах, придется довольно долго. В растиражированной на Западе статье украинского главкома Валерия Залужного тот рассказывает о планах военной кампании аж на 2023 год. Любые военные действия рано или поздно заканчиваются, но пока ни о финале, ни о переговорах, а тем более компромиссе ни Москва, ни Киев уже давно не говорят.",EXACT_SOURCE_URL_AND_REPRESENTATIVE_TEXT,EARLIEST_VIINA_DATE_THEN_LOWEST_EVENT_ID_1PD,FALSE
EXACT2022-0090,95172,2,95172|152311,20221023,https://www.ntv.ru/novosti/2729274/,"Экс-депутат Рады разоблачил «псевдоуспехи» ВСУ и предсказал взятие российскими войсками Одессы — Специальная военная операция России На этой неделе ракетные атаки шли практически каждый день и наносились вглубь всей украинской территории. Удары по электроподстанциям и линиям электропередачи привели к масштабным и длительным веерным отключениям. Власти призывают украинцев к тотальной экономии. При этом ошибкой было бы считать, что критическое состояние критически важной инфраструктуры хоть как-то изменило позицию официального Киева по поводу переговоров с Москвой. Владимир Зеленский снова заявил, что «пространства для переговоров» не осталось.",EXACT_SOURCE_URL_AND_REPRESENTATIVE_TEXT,EARLIEST_VIINA_DATE_THEN_LOWEST_EVENT_ID_1PD,FALSE
EXACT2022-0091,153314,2,153314|153317,20221130|20221201,https://www.ntv.ru/novosti/2735941/,Глава МИД Латвии призвал разрешить Украине атаковать российские аэродромы — Специальная военная операция России Министр иностранных дел Латвии Эдгарс Ринкевичс призвал Запад разрешить Киеву наносить удары по военным объектам на территории России.,EXACT_SOURCE_URL_AND_REPRESENTATIVE_TEXT,EARLIEST_VIINA_DATE_THEN_LOWEST_EVENT_ID_1PD,FALSE
